epoch,iteration,lr,train_loss_loc,train_loss_conf,train_loss_total,val_loss_loc,val_loss_conf,val_loss_total,val_mAP_0.5,val_mAP_0.5_0.95,val_P,val_R,val_F1
1,100,0.001,3.327019624710083,2.6464822602272036,5.973501884937287,2.9117599684616615,2.2315850216766884,5.14334499013835,0.01281087294988382,0.004220906994926601,0.31818357424615484,0.03472100649229797,0.024367330171236313
2,200,0.001,2.982061495780945,2.2141830575466157,5.196244553327561,2.878712070399317,2.137568551918556,5.016280622317874,0.006869353601413028,0.0018437571161657928,0.8131098468937357,0.02672672672672673,0.01759103575002847
3,300,0.001,2.8143412566184995,2.095167409181595,4.909508665800095,2.699444499509088,1.9560823810511623,4.6555268805602505,0.024836809488598698,0.007061967908064487,0.3257782229081553,0.05981703414730204,0.043123864771465806
4,400,0.001,2.6098267698287962,1.940387144088745,4.550213913917541,2.5777414091702164,1.8697355245721752,4.447476933742392,0.06682308677152483,0.022890441695321367,0.3455563934480851,0.10618351128985584,0.10661750064516204
5,500,0.001,2.455993894338608,1.8919402551651001,4.347934149503708,2.342659567964488,1.784037055640385,4.126696623604873,0.09061531204440901,0.032063101654801356,0.38868561112698935,0.14664760173621144,0.09116338899253311
6,600,0.001,2.293643227815628,1.8098565137386322,4.10349974155426,2.2076713175609193,1.795194099689352,4.002865417250272,0.09143839503060881,0.02989051091496325,0.39306219399750897,0.1232410850655209,0.10541870681384054
7,700,0.001,2.1714391779899596,1.8105096423625946,3.981948820352554,1.988330968495073,1.726231102285714,3.714562070780787,0.120435735212684,0.03968242966720374,0.2631848952902215,0.1289386638060072,0.16331260047839777
8,800,0.001,2.05738894701004,1.727830286026001,3.7852192330360412,1.9533448794792438,1.702706447963057,3.6560513274423005,0.0965491094987224,0.03606765203814593,0.43993784990310986,0.1276549285352216,0.1308545943176649
9,900,0.001,1.9623799645900726,1.687880883216858,3.6502608478069307,1.8699002224823524,1.623071366343005,3.492971588825357,0.14266515729057888,0.05966745227537379,0.3300758170880851,0.18649460690762903,0.1863876243845476
10,1000,0.001,1.8939516496658326,1.6775263679027557,3.5714780175685883,1.7664971433836838,1.6199275296309898,3.3864246730146736,0.10665973992365392,0.040101335547968645,0.31475239840206065,0.15283860549326891,0.14102127558336125
11,1100,0.001,1.8328657972812652,1.6133578658103942,3.4462236630916596,1.6890961178417863,1.5987383044999222,3.2878344223417084,0.14056341203086364,0.05734782990916816,0.3172738337251689,0.1750044360691279,0.18718675057957712
12,1200,0.001,1.7145760560035705,1.6030179643630982,3.317594020366669,1.5391269305656696,1.5369430163810993,3.076069946946769,0.1776198361245484,0.07050600082843704,0.34982829099873314,0.19926329315135222,0.2220228734956955
13,1300,0.001,1.7117552936077118,1.5514487266540526,3.2632040202617647,1.494247288539492,1.5481798443300971,3.042427132869589,0.2256037810568276,0.08199445199257013,0.36726251524034736,0.2985766541604777,0.28229143540089263
14,1400,0.001,1.6552528941631317,1.5205869376659393,3.1758398318290713,1.527931677884069,1.5495056982698112,3.0774373761538802,0.14219871582371774,0.05477888277497355,0.2505035227255104,0.13991745027084743,0.13659509985667295
15,1500,0.001,1.566279628276825,1.4910389816761016,3.057318609952927,1.4357792036286716,1.4630524372232372,2.898831640851909,0.22879889657860372,0.08331492633389731,0.3281256500177057,0.2449429505560245,0.2649055655905392
16,1600,0.001,1.509450322985649,1.473992453813553,2.983442776799202,1.3945038647487247,1.4260439667208442,2.820547831469569,0.2102941146169559,0.08208398090681632,0.28300965110964305,0.26888602558660846,0.2637947597877275
17,1700,0.001,1.4839817887544633,1.4247743463516236,2.9087561351060867,1.3543593143594677,1.4155339660315678,2.7698932803910354,0.2968693868717618,0.12197278486816623,0.5777938369400781,0.27695737736082576,0.3179969142511327
18,1800,0.001,1.3987152755260468,1.4178244602680206,2.816539735794067,1.3163229000979457,1.3957919375649814,2.712114837662927,0.27187307734049154,0.11188659113310678,0.40288278616451045,0.3169170051304843,0.3220189467098886
19,1900,0.001,1.3386902236938476,1.4016077995300293,2.740298023223877,1.270216504047657,1.3507373374083946,2.6209538414560516,0.311213728413568,0.12008074865433867,0.4048409301413794,0.34341884331739075,0.3484843940163281
20,2000,0.001,1.3317340499162673,1.3684853291511536,2.7002193790674207,1.2532077267252166,1.350636967297258,2.6038446940224746,0.309442370830204,0.13111010549429172,0.4335366088877829,0.3364615255630915,0.34668433365853335
21,2100,0.001,1.3060066461563111,1.3783424818515777,2.684349128007889,1.191208960681126,1.2921386751635322,2.483347635844658,0.35786821114472284,0.15556683747841418,0.45609574039890755,0.3792510244552442,0.4082294682855382
22,2200,0.001,1.3113782405853271,1.3353581547737121,2.6467363953590395,1.1462142673032036,1.304078640608952,2.4502929079121554,0.37406931289964884,0.15797901279438029,0.4831679635323363,0.38759488347751503,0.4083500808719707
23,2300,0.001,1.2503582191467286,1.3388836872577667,2.5892419064044954,1.149096365632682,1.2856478444461166,2.4347442100787986,0.40594525540910587,0.1846436981620398,0.48102856289315576,0.38228119590593135,0.3920581091487587
24,2400,0.001,1.2647945028543472,1.3229711163043976,2.587765619158745,1.1892706607950145,1.2622041661163856,2.4514748269114,0.38380751934035884,0.16059504985636724,0.5121915383702584,0.3605278858740076,0.41879570265887267
25,2500,0.001,1.188268501162529,1.3101387405395508,2.49840724170208,1.103598177433014,1.2738573633391281,2.377455540772142,0.3695592469751195,0.1456015604294318,0.42142031878708697,0.41480482279622094,0.38416189253296434
26,2600,0.001,1.1769028717279435,1.2934912216663361,2.4703940933942796,1.1119623739143898,1.2766879509235252,2.388650324837915,0.42759942736332396,0.1915243496926874,0.5020821388287622,0.4319680655689149,0.45501112880408634
27,2700,0.001,1.1421916383504866,1.285495662689209,2.4276873010396955,1.138374007981399,1.2583052289896999,2.396679236971099,0.3981765115443264,0.18111127935999835,0.5070351442153697,0.3799735058252242,0.40790882336772893
28,2800,0.001,1.1181859856843948,1.27660630941391,2.3947922950983047,1.0780396194293582,1.2422163075414197,2.320255926970778,0.4572250821668618,0.21432490450723163,0.5566026525003049,0.4253069875089482,0.4791525018304018
29,2900,0.001,1.1305667555332184,1.2818977320194245,2.4124644875526426,1.0732512350740104,1.2806273986553323,2.3538786337293427,0.4552787730323515,0.21235398384705445,0.5149877692910438,0.4469041492349272,0.4537612944471109
30,3000,0.001,1.087626661658287,1.2811526203155517,2.368779281973839,1.0480612351976593,1.2171245484516537,2.2651857836493132,0.3752958418858795,0.16214627987395264,0.47817212023540207,0.3753311028092262,0.40903599544953495
31,3100,0.001,1.0925837993621825,1.2558256220817565,2.348409421443939,1.1173940814774612,1.2061079740524292,2.3235020555298904,0.4492163811588251,0.20546788360585397,0.5862084449538478,0.4306208925873114,0.4718135446087057
32,3200,0.001,1.0902148514986039,1.2374304032325745,2.3276452547311783,1.0132835404626255,1.220641432137325,2.2339249725999504,0.4666777855387087,0.19214810035312996,0.5471123364963605,0.4229703290177591,0.43694217633251664
33,3300,0.001,1.0339120417833327,1.2139309918880463,2.247843033671379,1.0174203658926075,1.1933942622151867,2.2108146281077943,0.48600795834846233,0.19894089762547537,0.6099634683059053,0.46577345890262434,0.4947705302251261
34,3400,0.001,1.0040955251455308,1.2305508244037628,2.2346463495492936,1.0398252092558762,1.215467329682975,2.255292538938851,0.45183434574695946,0.19477811624921318,0.6143322773847334,0.42414193368974085,0.4840196130504465
35,3500,0.001,1.0366995877027512,1.2176032984256744,2.2543028861284258,1.017176038232343,1.2050789676863571,2.2222550059187,0.5090193518325259,0.2221532068684201,0.6134695078338451,0.5111092089533991,0.5385648349172396
36,3600,0.001,0.9768439006805419,1.2041750288009643,2.1810189294815063,0.9927697859961411,1.2057247202971886,2.1984945062933297,0.4974780318545493,0.22582584704915154,0.6521677860376374,0.4709990997469009,0.5075118353488879
37,3700,0.001,0.9745302951335907,1.2174682450294494,2.19199854016304,0.9819751217447478,1.172001834573417,2.1539769563181648,0.4970543706795489,0.2383171382442379,0.5943138595774836,0.4520320035078834,0.503286489581888
38,3800,0.001,0.9727325749397278,1.1848306143283844,2.157563189268112,0.9637336792617008,1.1863354732250344,2.1500691524867355,0.5134333907540577,0.2392056241866636,0.6212665634590431,0.4969593113400991,0.548010615723056
39,3900,0.001,0.9449784523248672,1.1905605900287628,2.13553904235363,0.936547484891168,1.1782119315246056,2.1147594164157737,0.508390640088745,0.24487921351876718,0.5769944588924197,0.48656296083485584,0.5195807108602593
40,4000,0.001,0.9332583332061768,1.193583872318268,2.1268422055244445,0.9524073477449089,1.1847578862617756,2.1371652340066847,0.5395443763318681,0.2453904485194743,0.6221448337311248,0.5435983647322322,0.5750901182530206
41,4100,0.001,0.9674865108728409,1.1771338951587678,2.1446204060316085,0.9549178378335361,1.1550834302244515,2.110001268057988,0.499207283640109,0.24223631232805978,0.5959094429089873,0.46698684338052726,0.5187533096839185
42,4200,0.001,0.9348933792114258,1.1887950229644775,2.1236884021759033,0.9299454216299385,1.1859706393603622,2.1159160609903007,0.5219815731088373,0.24702548773995855,0.5935592966565819,0.511886898035961,0.5318728109518306
43,4300,0.001,0.9646627926826477,1.1851193177700043,2.149782110452652,0.9765854786182272,1.1775906332607926,2.15417611187902,0.5693693862004621,0.27899217474178506,0.6771155041285559,0.527983743277462,0.5821100534711057
44,4400,0.001,0.9056491142511368,1.1601447808742522,2.065793895125389,0.8906961700011944,1.203494803658847,2.0941909736600417,0.4995116104636656,0.240103168639308,0.6455300426406543,0.4386419650215231,0.5075939819517981
45,4500,0.001,0.8608665525913238,1.172406144142151,2.0332726967334747,0.9013929634258665,1.1662662851399388,2.067659248565805,0.5381283862093218,0.26170760556802874,0.5804780073702476,0.5397370742562847,0.5339908399059448
46,4600,0.001,0.8469692242145538,1.1697014391422271,2.016670663356781,0.9409847835014606,1.1889705863492241,2.129955369850685,0.4879408874200431,0.2277123791800944,0.5478926550291084,0.5208092091133932,0.5175016540441435
47,4700,0.001,0.8983589959144592,1.1681722152233123,2.0665312111377716,0.9251096371946663,1.224365205600344,2.1494748427950103,0.5573809093511854,0.2820888685675962,0.611237247455163,0.5411879434189238,0.5667591132872196
48,4800,0.001,0.8428745567798615,1.1829205536842347,2.025795110464096,0.880043874526846,1.1847160520224735,2.0647599265493195,0.5409620534814384,0.25151658794902937,0.6013496996837329,0.5217098338834001,0.548410433345406
49,4900,0.001,0.8021380260586739,1.1466089069843293,1.9487469330430032,0.8630081476836369,1.1603267747780373,2.0233349224616743,0.5420767888703163,0.26170379237492464,0.6052255721168475,0.5494858150542766,0.562269978014162
50,5000,0.001,0.8365647372603416,1.1458497667312622,1.982414503991604,0.8776323075952202,1.1591256322531864,2.036757939848407,0.5178416071140628,0.25253182216270753,0.5839972963630583,0.4875105382935607,0.5169241179531414
51,5100,0.001,0.8006069141626359,1.1373192059993744,1.9379261201620102,0.8835164760721141,1.1348208517863834,2.0183373278584975,0.5569059485833255,0.2799377964753204,0.5901533500803744,0.5124212542275585,0.5317242166582157
52,5200,0.001,0.842384421825409,1.1457674729824066,1.9881518948078156,0.9014255055065813,1.185158659671915,2.0865841651784964,0.5582219459820948,0.2755666456302621,0.6382416289151032,0.5314111816928221,0.5617041032655657
53,5300,0.001,0.8180718022584915,1.1439797830581666,1.962051585316658,0.9104603508423115,1.1459177568041046,2.056378107646416,0.5656707884682284,0.275994482386192,0.6626189305012427,0.5203126165211067,0.5693993932897918
54,5400,0.001,0.8140589120984077,1.1470702731609344,1.9611291852593422,0.9018988527100662,1.1541521179264989,2.056050970636565,0.5454093413344088,0.2660649605442577,0.6863178323977012,0.4834479539953125,0.5522202031803579
55,5500,0.001,0.7703375491499901,1.1345055532455444,1.9048431023955343,0.8563996347887762,1.1413153492171189,1.9977149840058952,0.6049565617716938,0.2921655621613062,0.6543287664718057,0.5863360258682901,0.59800919618468
56,5600,0.001,0.784886591732502,1.1307493543624878,1.9156359460949899,0.8699377795745586,1.1549954907647495,2.024933270339308,0.5953775125784092,0.2851619236728872,0.6583182848961754,0.6109740280892139,0.6129580030739696
57,5700,0.001,0.7487815922498703,1.1254832071065903,1.8742647993564607,0.8583273229927852,1.1362466791580463,1.9945740021508316,0.5881389226113508,0.2874258024359913,0.6485451486422689,0.5554283175762773,0.5858204062342237
58,5800,0.001,0.7726776099205017,1.132375598549843,1.9050532084703447,0.896825071038871,1.1662118887079174,2.063036959746788,0.5429804500653095,0.28511195078775314,0.6098666335909518,0.5193654486401547,0.5558749543592219
59,5900,0.001,0.7815040132403374,1.1411515307426452,1.9226555439829824,0.8659649450203468,1.1687124186548694,2.0346773636752165,0.580480052767543,0.294657388078044,0.6621245975784238,0.5358172792844732,0.5848936346750435
60,6000,0.001,0.7592923113703728,1.1246358042955398,1.8839281156659125,0.85530607453708,1.1450106111066094,2.000316685643689,0.6023318816448942,0.2779877376610385,0.6461158908169382,0.590770337075926,0.5962562983476347
61,6100,0.001,0.8144747185707092,1.1258716511726379,1.940346369743347,0.8668793090458574,1.1432944289569198,2.010173738002777,0.5865857523846351,0.2896762928206034,0.6871761796126258,0.5479060484499845,0.5886887685558897
62,6200,0.001,0.8254858213663101,1.1463579189777375,1.9718437403440476,0.8214028950395256,1.1376612905798287,1.9590641856193542,0.5421351834401065,0.29209087929490996,0.58796891167097,0.5026787733526794,0.5316038551163437
63,6300,0.001,0.809495809674263,1.1300560969114304,1.9395519065856934,0.8623691858916447,1.1375383837469693,1.999907569638614,0.5771089779868461,0.2744740933569229,0.6641276627583373,0.5437604203055991,0.5822595754753225
64,6400,0.001,0.8417631489038467,1.136624838113785,1.9783879870176317,0.8437963477496443,1.1335015255829384,1.9772978733325828,0.5961747851770363,0.28485820224285885,0.6914173099936696,0.5226238466382354,0.5780835221804645
65,6500,0.001,0.8133529889583587,1.1443410789966584,1.9576940679550172,0.843341915771879,1.1412433714702213,1.9845852872421004,0.5662017251185869,0.28165443482316727,0.6245925257934252,0.5592720211199237,0.5819680242467331
66,6600,0.001,0.8202611014246941,1.1409055626392364,1.9611666640639305,0.8181943091852911,1.1535561865773694,1.9717504957626604,0.5977908407606878,0.3057549193004286,0.7104432588684773,0.5588802504068229,0.5928550022064364
67,6700,0.001,0.7881536456942558,1.1348926681280136,1.9230463138222693,0.8318003868234569,1.1316184627598729,1.9634188495833298,0.5891612083105281,0.2874716366042748,0.6717593993445868,0.5870793016234016,0.6233960488866864
68,6800,0.001,0.828819043636322,1.133978577852249,1.962797621488571,0.8314644869031578,1.1284662402909378,1.9599307271940956,0.5968881722678242,0.3061015965921806,0.668571384225283,0.5829624851302111,0.5978745368398493
69,6900,0.001,0.7829261058568955,1.1422828495502473,1.9252089554071428,0.820673676400349,1.117695049992923,1.938368726393272,0.5807606065228137,0.3037134586317896,0.6356010476029484,0.5536626404882169,0.5828686062668305
70,7000,0.001,0.778315336406231,1.1204697930812835,1.8987851294875144,0.8559524622456781,1.1162110361559638,1.9721634984016418,0.5897245785895281,0.30719588000235604,0.6301496176383949,0.5742275340973384,0.5851629933035639
71,7100,0.001,0.7773720771074295,1.1176981204748153,1.8950701975822448,0.8473514523999445,1.120583415031433,1.9679348674313775,0.579263322596612,0.2897775627426838,0.6364684905963671,0.5140727352962344,0.5505316230202245
72,7200,0.001,0.792512141764164,1.1203034245967864,1.9128155663609503,0.7974125979275539,1.1169560387216766,1.9143686366492305,0.6217984891867874,0.31078001325564664,0.6547835178278236,0.6563241797728535,0.6307144133292112
73,7300,0.001,0.7944846853613854,1.1440733313560485,1.9385580167174339,0.8607802781565436,1.1303198378661583,1.991100116022702,0.6018926344145378,0.2934489315336598,0.666355055597159,0.6116855518541595,0.6268681688699073
74,7400,0.001,0.7753461480140686,1.1200745236873626,1.8954206717014312,0.8001124828026213,1.1143376909453293,1.9144501737479507,0.6014309118306268,0.3084922963706906,0.6608981421810745,0.5562429264596658,0.5996739320904478
75,7500,0.001,0.753109047114849,1.105199248790741,1.8583082959055899,0.7894094165029197,1.1187623574815948,1.9081717739845145,0.5852017522340527,0.3042462807823723,0.6484149080468482,0.5457550972066161,0.5886652992112997
76,7600,0.001,0.7122738951444626,1.0954773926734924,1.807751287817955,0.8442467594968861,1.1140174351889511,1.9582641946858372,0.6213438124185674,0.2979342400466826,0.7051407379825452,0.5843293864759322,0.6326392175581914
77,7700,0.001,0.7193920052051545,1.1032632207870483,1.8226552259922029,0.7680787495497999,1.1283384931498561,1.896417242699656,0.5900303833980236,0.3116658911991562,0.7645523830012947,0.5028315066018786,0.5632383281325201
78,7800,0.001,0.764020892381668,1.1073716294765472,1.8713925218582153,0.8346640508750389,1.1313178703702729,1.9659819212453118,0.6011501358220918,0.2940312537905568,0.6367030305644963,0.5558191896730318,0.5830415157328147
79,7900,0.001,0.7435627192258835,1.0985849219560624,1.842147641181946,0.7876122429453093,1.1040456644419967,1.891657907387306,0.5850875700568897,0.3113376596272291,0.6368324854641216,0.5668479038842971,0.5864218619700694
80,8000,0.001,0.7301844125986099,1.082912648320198,1.813097060918808,0.787168548024934,1.1158507897936065,1.9030193378185405,0.5937753688946232,0.312500343354799,0.7249082580930489,0.5435231692459457,0.5842714773504339
81,8100,0.001,0.7055450877547265,1.0976331430673598,1.8031782308220863,0.7851242659420803,1.1083561963048474,1.8934804622469277,0.6180588741315929,0.29943969393229647,0.6506048487890821,0.5843026008931254,0.6086009387000704
82,8200,0.001,0.7232687401771546,1.0981964939832687,1.8214652341604234,0.813269153751176,1.1134520789672588,1.9267212327184349,0.5770948073851121,0.2955053089917032,0.6363128294537376,0.5507284725774063,0.5890563325772155
83,8300,0.001,0.704942737519741,1.0874599474668503,1.7924026849865913,0.7835057901925054,1.1061516609685174,1.889657451161023,0.6107095320792733,0.3179807672091461,0.6798551142539844,0.5495039694092314,0.5881664059709898
84,8400,0.001,0.7253627949953079,1.0996329432725906,1.8249957382678985,0.7690052873101728,1.0931607710904088,1.8621660584005815,0.6116487027243364,0.32837186690346976,0.657904476950958,0.5858383539656937,0.6111050052035405
85,8500,0.001,0.7234753465652466,1.105268912911415,1.8287442594766616,0.8194883589086861,1.1139384467026283,1.9334268056113144,0.5915348234488587,0.31079257042980885,0.6613643377873151,0.5850418248837947,0.6097891016100652
86,8600,0.001,0.7655235540866852,1.1172525948286056,1.8827761489152908,0.7885534886656136,1.1405954977561688,1.9291489864217823,0.600854381191234,0.31329964961114387,0.6260860577778935,0.5919231246750198,0.575465931917819
87,8700,0.001,0.7047876662015915,1.090408629179001,1.7951962953805924,0.7538069712704626,1.1043501907381519,1.8581571620086144,0.59717705634373,0.33171269311464663,0.6594671573020854,0.5690862339219733,0.6042844481357921
88,8800,0.001,0.6895457527041435,1.0812569987773895,1.770802751481533,0.7717558885442799,1.133345014062421,1.905100902606701,0.642415187241579,0.3252110327176657,0.698653449770312,0.5958424837933469,0.6386051428036764
89,8900,0.001,0.711500943005085,1.1063985544443131,1.8178994974493983,0.7231871691243402,1.0969109103597443,1.8200980794840844,0.6389108740998951,0.3264445399683153,0.7040974968128032,0.6087122587195244,0.6416410982388779
90,9000,0.001,0.7307579281926155,1.116456794142723,1.8472147223353386,0.7747578333164084,1.152252045171014,1.9270098784874223,0.5446058655241365,0.2987864037424872,0.5870421860703703,0.5196544017862916,0.5456848586578448
91,9100,0.001,0.7086473327875137,1.0947131156921386,1.8033604484796522,0.7340006088388378,1.1006807356045163,1.834681344443354,0.5952051784435232,0.3198163555912231,0.646506087107859,0.552568089006891,0.5910828310056189
92,9200,0.001,0.6879217386245727,1.0723960536718369,1.7603177922964095,0.7737825512886047,1.1000950788629467,1.8738776301515514,0.6108423611162392,0.3191886024810169,0.6838298249892741,0.5507060645152714,0.5910365440797303
93,9300,0.001,0.7091995698213577,1.0851112079620362,1.794310777783394,0.765902067052907,1.0996457399993107,1.8655478070522178,0.6191488089199545,0.327174306382399,0.655437254629015,0.6036319981858334,0.6272479393016438
94,9400,0.001,0.6849904376268386,1.081556228995323,1.7665466666221619,0.7563183348754356,1.1068783238016326,1.8631966586770683,0.5843657635358571,0.2975475141228181,0.66617110168025,0.5429150082985783,0.5904324690196521
95,9500,0.001,0.6858040148019791,1.0915339267253876,1.7773379415273667,0.7734326268064564,1.10945790800555,1.8828905348120064,0.6038620944665742,0.3342392745899155,0.6558433479344042,0.5580488630383733,0.5988889181169065
96,9600,0.001,0.6742649629712105,1.0749281483888626,1.7491931113600732,0.7878545604903122,1.109642924933598,1.8974974854239102,0.5589932217209982,0.27770357467923557,0.6779667499892541,0.5023995569534321,0.5713635011888945
97,9700,0.001,0.7067012879252433,1.0921234983205794,1.7988247862458229,0.7542194980999519,1.110203675154982,1.864423173254934,0.5821179265227302,0.3088670459549552,0.6540109610895555,0.5579527927771678,0.6007159138596301
98,9800,0.001,0.6795031452178955,1.08386687874794,1.7633700239658354,0.7551122585247303,1.105567909520248,1.8606801680449783,0.6316303642010203,0.3194334378919505,0.6998833912462528,0.570580211303769,0.6009533688335422
99,9900,0.001,0.6778194686770439,1.0789060986042023,1.7567255672812463,0.7218072496611496,1.1022252296579296,1.8240324793190792,0.618984729239971,0.3438093462957596,0.6835136199333344,0.5765622037846854,0.601000451493993
100,10000,0.001,0.7020899397134781,1.0909115552902222,1.7930014950037003,0.7626756254968972,1.0876551270484924,1.8503307525453896,0.6299037719103471,0.3295453539330781,0.6782382265835425,0.5944379238379882,0.6240231082062858
101,10100,0.001,0.6704794389009475,1.0608532029390334,1.7313326418399808,0.7778482611837059,1.105521794023185,1.8833700552068908,0.5942355477446418,0.3157324188192684,0.670171541706666,0.538287410690262,0.5884209475448324
102,10200,0.001,0.6571710360050201,1.0711666786670684,1.7283377146720884,0.748090588840945,1.096202044651426,1.844292633492371,0.6245124103421605,0.32961960896544185,0.6580333362109639,0.6166919081754226,0.6354587491465128
103,10300,0.001,0.6621517115831375,1.068713466525078,1.7308651781082154,0.7724094688892365,1.1068039495369484,1.8792134184261848,0.6047020313990019,0.3160089954271388,0.6495184321052732,0.5807247485792468,0.607589321676139
104,10400,0.001,0.6616974875330925,1.0633330708742141,1.7250305584073067,0.7618341384262874,1.100567507332769,1.8624016457590564,0.6009983674409688,0.31197655976102373,0.6564071136033782,0.5580044964925461,0.5894162421620786
105,10500,0.001,0.6365460556745529,1.0633719891309739,1.6999180448055267,0.7281533027517384,1.0936260408368603,1.8217793435885987,0.6503663805095291,0.342108640072911,0.7172250429746136,0.6086463543340332,0.651538063845117
106,10600,0.001,0.6471193107962608,1.0597564423084258,1.7068757531046868,0.7239602567820713,1.0900869061206948,1.8140471629027661,0.6484050813901624,0.3453474271653221,0.6848056923543268,0.6132292992958216,0.6375548585827531
107,10700,0.001,0.664877736568451,1.0683962082862855,1.7332739448547363,0.769611237377956,1.09161684636412,1.861228083742076,0.6080741503476017,0.32998513782980177,0.6624444108229983,0.5665125649895436,0.603572217949538
108,10800,0.001,0.6932293310761451,1.0794040763378143,1.7726334074139594,0.7551780784952229,1.1190567098814865,1.8742347883767094,0.5946403691877492,0.32715256105560514,0.6855326493122975,0.5731884701154738,0.6106568821212783
109,10900,0.001,0.6776731926202774,1.077714793086052,1.7553879857063293,0.6964919752088087,1.0792042304729592,1.775696205681768,0.5830121926324139,0.33243158123767313,0.656951418786369,0.5435728779668032,0.5878753105206286
110,11000,0.001,0.6289748898148537,1.0609566396474839,1.6899315294623376,0.7455452033158007,1.0949268464384407,1.8404720497542413,0.6216775722221625,0.32113303267653337,0.6809623973840264,0.5786369467715082,0.6135733853323888
111,11100,0.001,0.6363966336846352,1.0545535427331925,1.6909501764178276,0.7383774190113462,1.0836532136489605,1.8220306326603066,0.6150448729677569,0.32247313644882675,0.6316852724145131,0.6030767167803157,0.6106920006146958
112,11200,0.001,0.6332107856869698,1.0457114428281784,1.6789222285151482,0.7470157814436945,1.104255735874176,1.8512715173178704,0.639290622102255,0.3228934294018943,0.7004905672665703,0.6014524900511614,0.628283765711015
113,11300,0.001,0.6671278062462807,1.074728040099144,1.7418558463454246,0.7729363965577093,1.101281531925859,1.8742179284835685,0.6022666277997395,0.3148421562251353,0.6687741234512034,0.5383609985136208,0.5842177092011139
114,11400,0.001,0.656019522845745,1.0709569191932677,1.7269764420390128,0.7114764328660637,1.0894056270862449,1.8008820599523085,0.6611304252400421,0.34259706331352346,0.670926258203787,0.6490277089439168,0.6440016092272237
115,11500,0.001,0.6150223410129547,1.0525014877319336,1.6675238287448884,0.7258513559555185,1.0875438595640248,1.8133952155195434,0.6431596395564184,0.3461597329051134,0.6883993964627213,0.626392633042008,0.6487609984977881
116,11600,0.001,0.6204287466406823,1.0515905565023422,1.6720193031430246,0.7288327525401938,1.091831624507904,1.820664377048098,0.6467561296279113,0.34000212293119225,0.6512276479122429,0.6329209703879279,0.6373330529452538
117,11700,0.001,0.611479070186615,1.05197121322155,1.663450283408165,0.7366111155213981,1.0854753255844116,1.8220864411058098,0.6356122303364469,0.3398264494585871,0.6714902141171618,0.6105160829476171,0.6366125126733586
118,11800,0.001,0.6392723375558853,1.0600624567270278,1.6993347942829131,0.7132640265185257,1.0771421255736515,1.7904061520921772,0.6365435750826391,0.3446328609195796,0.6983149751476133,0.5738793809056981,0.5981258924970012
119,11900,0.001,0.6362564086914062,1.0488508212566376,1.6851072299480438,0.7557468547903258,1.1009644763223057,1.8567113311126313,0.6091124949741298,0.3149178759650221,0.6818748235057919,0.528487910886415,0.5766355474545584
120,12000,0.001,0.6132477122545242,1.0424548977613448,1.6557026100158692,0.7521029053063228,1.082988288895837,1.83509119420216,0.6111908174213326,0.31943444406269184,0.6882232418632219,0.5460438346359544,0.5835709322755351
121,12100,0.001,0.6204777398705482,1.0533696562051773,1.6738473960757254,0.7011097114661644,1.0888928812125633,1.7900025926787277,0.6101449775413715,0.33820042624839075,0.6358793130934473,0.5957450845766464,0.6126831135831383
122,12200,0.001,0.6246621921658516,1.0492573738098145,1.673919565975666,0.7191947821913094,1.0941780867247746,1.813372868916084,0.6799686469946034,0.36456628051764794,0.6691280237179771,0.6691407859848263,0.6536220141619546
123,12300,0.001,0.6467637288570404,1.0589100188016891,1.7056737476587296,0.7672828477004479,1.0993128912202244,1.8665957389206722,0.6120673880701535,0.32736937030060287,0.666363595001061,0.5877150733584088,0.6229452439533334
124,12400,0.001,0.626767894923687,1.0511679720878602,1.6779358670115472,0.714324361291425,1.0852406045486187,1.7995649658400437,0.61291866770143,0.33661537539837383,0.6365579854913015,0.6235753204021016,0.6296462559263221
125,12500,0.001,0.61523008197546,1.0479489970207214,1.6631790789961816,0.7204306947773901,1.0874952756125351,1.8079259703899253,0.6556948451377973,0.3465840511040799,0.705681966642201,0.5984343792987209,0.6313233884269739
126,12600,0.001,0.6325479945540429,1.0446876281499862,1.677235622704029,0.7521144665520767,1.095347338709338,1.8474618052614147,0.6244026694244613,0.3372979499703297,0.6635780628101985,0.5875997081800937,0.6162727579337105
127,12700,0.001,0.6008255901932716,1.0367842960357665,1.637609886229038,0.7004602972803444,1.072238208918736,1.7726985061990803,0.67790225238036,0.3525311956362717,0.7004111187701683,0.646632467717114,0.6568697021040797
128,12800,0.001,0.6107431426644325,1.0446563202142716,1.655399462878704,0.7269576839331923,1.083287956385777,1.810245640318969,0.6635135293083392,0.3483091868996981,0.6764240270062027,0.6442391394959438,0.6527304683450856
129,12900,0.001,0.6434917706251144,1.0766629242897034,1.7201546949148179,0.8258792696327999,1.103789395299451,1.929668664932251,0.610411432254548,0.3025367869804682,0.659279306347965,0.5745702126569456,0.605591850595645
130,13000,0.001,0.6179199516773224,1.0393557500839234,1.6572757017612458,0.6789742903462772,1.0686994010004505,1.7476736913467277,0.6477852221005909,0.35574199665829886,0.6643465307447485,0.6216599156739008,0.6333964158906583
131,13100,0.001,0.5841727471351623,1.0308425611257552,1.6150153082609175,0.7212905328849266,1.074548986451379,1.7958395193363057,0.6231766734783003,0.3453473597616229,0.6694626868307154,0.5680916841002566,0.6100919469963457
132,13200,0.001,0.5834145045280457,1.0269387996196746,1.6103533041477203,0.6939450409905664,1.0869743330725308,1.7809193740630973,0.6648519223770533,0.3563316631605122,0.6664198320127503,0.6240654498326142,0.6337358103846086
133,13300,0.001,0.5577461668848991,1.0136302024126054,1.5713763692975045,0.7150232925497252,1.0772289715964218,1.7922522641461471,0.685873804187243,0.35434127804248783,0.6809574487345691,0.6842946667988092,0.6816411730329704
134,13400,0.001,0.5508447685837745,1.0066906470060348,1.5575354155898093,0.7200477421283722,1.077755566301017,1.7978033084293892,0.6295532359805059,0.34401637228226767,0.6446791866910793,0.6082742637713616,0.6186823897218423
135,13500,0.001,0.5743265682458878,1.024249520301819,1.5985760885477067,0.715398946712757,1.0751373480106223,1.7905362947233794,0.6418176494024366,0.3462827201830877,0.7035993334921089,0.6164219379462861,0.6473249378756274
136,13600,0.001,0.5491004139184952,1.004546492099762,1.5536469060182572,0.7009149214317059,1.0777077222692555,1.7786226437009613,0.628403765824362,0.3565171790383023,0.6247028629107707,0.632755922638214,0.627374369222993
137,13700,0.001,0.539192624092102,1.0221575206518174,1.5613501447439195,0.69882598313792,1.1109209163435574,1.8097468994814774,0.6387305720506788,0.3382904694605477,0.6644567063072968,0.597343449564428,0.623511642806386
138,13800,0.001,0.5527364173531533,1.0205821454524995,1.5733185628056527,0.7234725458868618,1.0875484347343445,1.8110209806212063,0.663626244342733,0.34335016883383496,0.7196877926599877,0.614879683844314,0.6551803998323724
139,13900,0.001,0.5643648684024811,1.02308455824852,1.587449426651001,0.6810935273252684,1.072073202708672,1.7531667300339402,0.6436604885874161,0.3578110934448829,0.6842126457605067,0.6376257782309972,0.6576263268816711
140,14000,0.0001,0.5480835688114166,1.013478685617447,1.5615622544288636,0.7065318565944145,1.0717788626407754,1.77831071923519,0.6699594161284004,0.3644963248378742,0.674482723758579,0.6406202809767534,0.6544887380832989
141,14100,0.0001,0.5290042892098427,0.9820461052656174,1.51105039447546,0.6394724105966503,1.0401862407552784,1.6796586513519287,0.6705743878662842,0.38715012184133163,0.6983961783556761,0.676482167621083,0.6853427745919051
142,14200,0.0001,0.4672550170123577,0.9675482058525086,1.4348032228648662,0.6270747328626698,1.0370753756884872,1.664150108551157,0.6919584222457539,0.3864846642222388,0.7138735954820051,0.7018821624910484,0.7061242043785352
143,14300,0.0001,0.48352742701768875,0.9670373809337616,1.4505648079514504,0.623305260107435,1.0310906356778637,1.6543958957852989,0.6881656141626402,0.3953144243041805,0.7081097154859263,0.6916521589197759,0.6982162480001307
144,14400,0.0001,0.45158503904938696,0.9496551042795182,1.4012401433289052,0.6207424278916984,1.0300181343637664,1.6507605622554649,0.6891578601362601,0.390178636890246,0.7106874091252442,0.7003402125381517,0.7038823010523514
145,14500,0.0001,0.43595421567559245,0.9498080962896347,1.3857623119652271,0.6104755268014711,1.0300554777013844,1.6405310045028556,0.7081869035310107,0.39918554428388603,0.7280305225123618,0.7126076041792675,0.7176382184082302
146,14600,0.0001,0.43065438807010653,0.9435795187950134,1.37423390686512,0.6088966624490146,1.0288474230930722,1.6377440855420868,0.7037358916127994,0.40253595360510536,0.7236978489161017,0.7023362082486239,0.7113321712156867
147,14700,0.0001,0.44042310312390326,0.9493316400051117,1.389754743129015,0.614945767254665,1.0301682291359737,1.6451139963906387,0.7170822066313342,0.4053030180507896,0.7198574936112084,0.7207204086543918,0.7181805845988001
148,14800,0.0001,0.42735872328281405,0.9488988780975341,1.3762576013803482,0.611361321704141,1.0261601559047042,1.6375214776088454,0.7082432222074725,0.4026926396631304,0.7143640060817628,0.7096477545287684,0.7098302126030035
149,14900,0.0001,0.40241872042417526,0.9286468094587326,1.331065529882908,0.6156360928354592,1.0283635402547902,1.6439996330902493,0.7152281846110611,0.4074807130032268,0.7170805398369736,0.7346323816869424,0.7231647553749788
150,15000,0.0001,0.41601562246680257,0.9420937734842301,1.3581093959510326,0.6113938627571895,1.0285447959242195,1.639938658681409,0.7137743673027483,0.40181807049418183,0.7198660989247953,0.7054840174533348,0.7099279011080604
151,15100,0.0001,0.40681453853845595,0.9389770859479905,1.3457916244864463,0.6081947386264801,1.0258228121132686,1.6340175507397487,0.7188482328237613,0.40999209469481945,0.7306686183127351,0.719628532252053,0.7226335673040027
152,15200,0.0001,0.4297248601913452,0.9391186875104904,1.3688435477018357,0.6114060909583651,1.024497311690758,1.6359034026491233,0.7170384927418774,0.4067599336885792,0.7309382319273575,0.7273066413247472,0.7267015296077199
153,15300,0.0001,0.41366977483034134,0.9360194528102874,1.3496892276406287,0.6088314138609787,1.025701808518377,1.6345332223793556,0.724312251909398,0.4095907818333873,0.7202621926137625,0.7384826861807066,0.7264773712597024
154,15400,0.0001,0.4115180979669094,0.93858906686306,1.3501071648299694,0.6102872686139469,1.025697815007177,1.6359850836211238,0.7178937953415013,0.4161001803794241,0.7130759741931466,0.7295851568651835,0.7164973325763854
155,15500,0.0001,0.4110945911705494,0.9341880464553833,1.3452826376259328,0.6071387683523113,1.0254474385031338,1.632586206855445,0.7216923650496045,0.4137401778210338,0.7329208069439336,0.736459900757303,0.7326042260458197
156,15600,0.0001,0.41287896916270256,0.9374805694818497,1.3503595386445522,0.6025181679890074,1.0254743654152443,1.6279925334042518,0.7247935213306307,0.41924285695445823,0.7318465042490256,0.7410477238444039,0.7324520611895107
157,15700,0.0001,0.40032500818371775,0.9253585308790206,1.3256835390627384,0.610475270912565,1.0248587234266873,1.6353339943392524,0.7163726685497148,0.41825925138095493,0.729024646773311,0.7305012086919286,0.7279930378964169
158,15800,0.0001,0.3970206047594547,0.9261736357212067,1.3231942404806614,0.6102292599349186,1.025439046580216,1.6356683065151345,0.7012603314174171,0.408521314437541,0.7136784762969864,0.7247431088843673,0.7156691544187758
159,15900,0.0001,0.3996078561246395,0.9219973582029343,1.3216052143275738,0.6107489528327152,1.023335419852158,1.6340843726848733,0.7137976502145933,0.4132256162945434,0.7204141131858164,0.7259643162661747,0.7218017069996697
160,16000,0.0001,0.39893857166171076,0.9287919288873673,1.327730500549078,0.613639359844142,1.024993224390622,1.638632584234764,0.7121695789546271,0.416585856976995,0.7231297229018113,0.7510490267590471,0.7350637456329477
161,16100,0.0001,0.3999082633852959,0.9292140543460846,1.3291223177313805,0.6037843669282978,1.0229422059552422,1.62672657288354,0.7083043875823172,0.4126992939843806,0.7156319180215233,0.7325083786388127,0.72093375485032
162,16200,0.0001,0.41766561701893806,0.9406171584129334,1.3582827754318714,0.605404250580689,1.0228796354655563,1.6282838860462454,0.7360673051653553,0.42044787062069733,0.7305364113972752,0.750674300333192,0.7377418904063779
163,16300,0.0001,0.3957713879644871,0.9252918994426728,1.32106328740716,0.6082161798559386,1.0249525452482289,1.6331687251041673,0.718413756809243,0.4191776318558463,0.7315623133845123,0.74657829416741,0.7368138881134542
164,16400,0.0001,0.3624718432128429,0.9090196508169174,1.2714914940297604,0.6047603241328535,1.021601169273771,1.6263614934066246,0.7307975819242772,0.42643840351696627,0.7406723506282128,0.7313249296863663,0.7339379512648536
165,16500,0.0001,0.36147434934973716,0.9067283689975738,1.268202718347311,0.6116797626018524,1.024028494440276,1.6357082570421284,0.7246375626346857,0.41608053690650787,0.73639572274064,0.73550916520897,0.7345661712946002
166,16600,0.0001,0.34379958152770995,0.8952718317508698,1.2390714132785798,0.6138255143987721,1.0232816523519055,1.6371071667506776,0.7266770831273888,0.4218254513925399,0.7283720111936969,0.7340151831698064,0.7290128728496834
167,16700,0.0001,0.34398195162415507,0.8965350961685181,1.2405170477926732,0.6087821516497381,1.02513542051973,1.633917572169468,0.7240556687017586,0.41759953729497873,0.7217516944145689,0.7292569500291389,0.7219462635938154
168,16800,0.0001,0.3523495039343834,0.9023828113079071,1.2547323152422905,0.6177992183586647,1.025956899955355,1.6437561183140197,0.7270861378137113,0.42253753512820375,0.7399483986816608,0.7372604227688839,0.7369571617862023
169,16900,0.0001,0.3278651663661003,0.8870164275169372,1.2148815938830375,0.6181242866762753,1.0259087969516885,1.6440330836279637,0.7327311765741571,0.420773990989113,0.7354031919272878,0.7387903525546502,0.7345419105824511
170,17000,1e-05,0.3262892274558544,0.8897427868843079,1.2160320143401622,0.6186184502881149,1.0275290032912945,1.6461474535794094,0.7330461561625402,0.42505427795479894,0.7392918974916893,0.7452065254275552,0.7392829402351567
171,17100,1e-05,0.32711260214447974,0.8815784120559692,1.208691014200449,0.6121756907167106,1.0260768964372833,1.638252587153994,0.7362993589621343,0.42757725801611224,0.7328342196686881,0.7454835909040329,0.7363750544167585
172,17200,1e-05,0.3257461667060852,0.8868263643980027,1.2125725311040878,0.6117507702317732,1.0262074902139862,1.6379582604457594,0.7288480849459149,0.42594260664679184,0.7300346238210633,0.7406101948051893,0.7330044502668895
173,17300,1e-05,0.3215044689178467,0.8891051751375199,1.2106096440553666,0.6116209708411118,1.025537225706824,1.6371581965479358,0.7301949790853534,0.42678899671440945,0.7263427614741496,0.7361583831782789,0.728962751144738
174,17400,1e-05,0.40762838914990424,0.9153421211242676,1.3229705102741718,0.6115663668204998,1.0254359142533664,1.6370022810738662,0.7322312586840907,0.4251556846695344,0.723383459805817,0.74519258314056,0.7314123231441966
175,17500,1e-05,0.38802152082324026,0.9203100258111954,1.3083315466344356,0.6113214102284662,1.025155636770972,1.6364770469994383,0.7317034441065318,0.42477065421946203,0.7207718841411521,0.7483356804845199,0.731440124283455
176,17600,1e-05,0.4090634563565254,0.9236499011516571,1.3327133575081826,0.6105319970640642,1.0249189693352272,1.6354509663992913,0.7276702138547023,0.4230222424506325,0.7212265449123064,0.7376593697972831,0.7270039811540796
177,17700,1e-05,0.3332364146411419,0.890252536535263,1.2234889511764049,0.6091330421381983,1.0244655013084412,1.6335985434466394,0.7246081611883153,0.4225245883423028,0.724268116742637,0.7383592295605458,0.7293629111342236
178,17800,1e-05,0.3348891472816467,0.889887855052948,1.2247770023345947,0.6093186119507099,1.0246172239040505,1.6339358358547604,0.7304800822796201,0.424950232444276,0.7240484415057642,0.7435885437422904,0.7307242202209497
179,17900,1e-05,0.31792325764894486,0.8799222266674042,1.197845484316349,0.6084734602221127,1.0249266233937493,1.633400083615862,0.7316932558950566,0.42539692728170364,0.7278445501645379,0.7469225880411234,0.7344332387270269
180,18000,1e-05,0.3168187911808491,0.8809259301424026,1.1977447213232517,0.6083839206859983,1.0250734727958153,1.6334573934818137,0.7309099104790207,0.42379397940130764,0.7274393050874552,0.7449331362135216,0.7333923541372045
181,18100,1e-05,0.3245996509492397,0.8851290667057037,1.2097287176549434,0.6098011639611475,1.0252395560001504,1.6350407199612977,0.7343666161848839,0.4254808742127903,0.7328263546058025,0.7437116747463426,0.7356558056250224
182,18200,1e-05,0.29969732731580734,0.8713595288991928,1.171056856215,0.6097577111474399,1.0252098461677288,1.6349675573151687,0.729015550309815,0.4219347609351726,0.7295425795978612,0.7456121627674988,0.7347555631641786
183,18300,1e-05,0.30030077412724493,0.8736831432580948,1.1739839173853397,0.6103984497744461,1.0254548726410702,1.6358533224155163,0.7275662788170053,0.42229903383827816,0.7267357591288508,0.7467143028792995,0.7337439883401762
184,18400,1e-05,0.3200348055362701,0.877432821393013,1.1974676269292832,0.6095863375170477,1.0248835641762306,1.6344699016932784,0.7325399390755788,0.42438235135638314,0.7289021165281486,0.7474657080864942,0.7353107085110763
185,18500,1e-05,0.32117950469255446,0.8835359585285186,1.204715463221073,0.6100026564351444,1.025203170447514,1.6352058268826584,0.7282091676639387,0.42210166909509517,0.7278662471673025,0.7405863342164728,0.7318623631246143
186,18600,1e-05,0.3171632735431194,0.8859493225812912,1.2031125961244107,0.6102792857022121,1.024659130079993,1.6349384157822051,0.733690249722966,0.42606855419126793,0.7314051553070305,0.7503002286222769,0.7379466088510767
187,18700,1e-05,0.4024881584942341,0.9122350805997849,1.314723239094019,0.6103603212997831,1.024715343426014,1.6350756647257971,0.7314443569515963,0.423497143594402,0.7319741477254403,0.7475342643232765,0.7372232720524965
188,18800,1e-05,0.3833978119492531,0.9174074286222458,1.300805240571499,0.6103613499937386,1.0245755499806897,1.6349368999744283,0.7273784900577619,0.41857146090967695,0.7262534629232513,0.7435943255249673,0.7322413026576206
189,18900,1e-05,0.40431742027401923,0.9207994067668914,1.3251168270409106,0.6097923661100453,1.024492152805986,1.6342845189160313,0.7265040325522187,0.419546949611786,0.7237772007207771,0.7466328002941995,0.7320171461176601
190,19000,1e-05,0.3862804988026619,0.9100940370559693,1.2963745358586312,0.6088992747767218,1.024389269023106,1.6332885437998277,0.722736339373754,0.4176176414735889,0.7156221463735655,0.7337627673200321,0.7218460106493658
191,19100,1e-05,0.37843454524874687,0.9125992828607559,1.2910338281095028,0.6079355313860136,1.0246409999913182,1.6325765313773317,0.7220180087053664,0.4170127200200756,0.717430744035094,0.735162073050301,0.7236798971708412
192,19200,1e-05,0.3763458006083965,0.9099907016754151,1.2863365022838116,0.6064891321905728,1.0241134043397575,1.6306025365303303,0.7250465880681591,0.4213413367696575,0.7234929704848105,0.7356027364882672,0.7268543587801164
193,19300,1e-05,0.33035688668489455,0.8879575437307358,1.2183144304156304,0.6065876915537077,1.0237699911512177,1.6303576827049255,0.7246086256393982,0.4216209316601698,0.7249205628978912,0.7392417834997026,0.7296475979504686
194,19400,1e-05,0.3317517700791359,0.8877757352590561,1.219527505338192,0.6075978546307005,1.0239814314348945,1.631579286065595,0.724337193876533,0.4192777899758042,0.7246849065327705,0.7423257303099288,0.730851902659228
195,19500,1e-05,0.3153872632980347,0.8778034901618957,1.1931907534599304,0.6070878104916935,1.0244068092313305,1.631494619723024,0.7300824595344562,0.42186641304819056,0.7268119755108267,0.7445155964591296,0.7331951383546924
196,19600,1e-05,0.3148984669148922,0.878973405957222,1.1938718728721143,0.6071459096053551,1.0246227918000057,1.6317687014053608,0.7301085578524823,0.4219622159852209,0.7285837462100708,0.7428125039869926,0.7333551142094913
197,19700,1e-05,0.32297932609915736,0.8838057726621628,1.20678509876132,0.6087052842666363,1.0248766931994209,1.6335819774660572,0.7267603418028431,0.4191043145184534,0.7279913296629007,0.7409226190610871,0.7318525974645251
198,19800,1e-05,0.2986137129366398,0.8704236298799515,1.1690373428165912,0.6086962849929415,1.0248920321464539,1.6335883171393952,0.7239121843209878,0.4175275583831936,0.7246337239867089,0.7409854308395021,0.7300947175460998
199,19900,1e-05,0.3002747458219528,0.8731293004751205,1.1734040462970734,0.6093221861740639,1.0251317394190822,1.634453925593146,0.7245335584578525,0.4184359052275759,0.7254077101333986,0.7406886374917985,0.7306312666082855
200,20000,1e-05,0.3172449111938477,0.8753475922346116,1.1925925034284592,0.6085748980785238,1.0245767831802368,1.6331516812587608,0.725982841648646,0.41949899525833945,0.7262994471049716,0.740471454971942,0.7309347224418237
