epoch,train/loss,train/loss_ce,train/loss_bbox,train/loss_giou,train/loss_ce_dn,train/loss_bbox_dn,train/loss_giou_dn,val/loss,val/loss_ce,val/loss_bbox,val/loss_giou,metrics/precision,metrics/recall,metrics/mAP_0.5,metrics/mAP_0.5:0.95,metrics/F1
0,39.907916749890724,0.6267587341891852,0.4125505708497932,0.8525577848627888,0.25661338384363125,0.12541547324508429,0.3140190748449612,44.363367060142934,0.9343961242856498,0.6409657752359068,1.1134563501263077,1.5537064754372906e-06,0.0020760104366661742,1.5537064754372906e-06,2.8964165254279523e-07,3.1050890719032e-06
1,37.50405767842962,0.5881878419810247,0.3728727741596437,0.8262145136346358,0.18284498302107527,0.12150610877377808,0.3076036352154359,51.02871004417861,0.7669083593469678,0.7714995565094473,1.3324053052699927,9.982849464619783e-08,3.003003003003003e-05,9.982849464619783e-08,9.982849464619784e-09,1.9899547086242266e-07
2,35.478898056632346,0.5903534695561218,0.3378736874508946,0.7822463544758562,0.1756098508724596,0.12027406297927279,0.30682954592710654,58.131454995184235,0.6618557131458155,0.930266285355473,1.478825781510506,0.0,0.0,0.0,0.0,0.0
3,35.63961308922632,0.5871082970231735,0.34079451461204324,0.7886651798476421,0.17068120138088078,0.1196743109643588,0.3061277581936922,42.494744278135755,0.6001291532408107,0.6143006494196205,1.1549136868286958,0.0003568956799407281,0.010205779550041845,0.0003568956799407281,0.00016758796159727223,0.0006896735064802967
4,36.01575747723938,0.5830556951674521,0.34227823291511333,0.8087765651625269,0.17127542938168921,0.11820102624053137,0.3051675972419661,44.77746280240806,0.5949352862902018,0.6591630298724939,1.2262831077431187,0.0002797566105364679,0.002269974892925713,0.0002797566105364679,4.498626334464539e-05,0.0004981234151011252
5,35.25806732742178,0.5801078267073955,0.3319816215356534,0.7874544712676955,0.1656391697714126,0.11927778009812172,0.30595468194137815,36.18501824630803,0.5712068353122447,0.49211770863760085,0.9829060824918541,0.0024580764266421778,0.026203908826859648,0.0024580764266421778,0.0005888489340819425,0.00449453937007485
6,34.44277356497015,0.575737956125845,0.3184747153987279,0.7755114177078853,0.16389857709371058,0.11753220351484091,0.3056195221758653,35.91473363488267,0.5807152402091336,0.4652505993068992,1.0051843958757656,0.0015220977613457113,0.030856906486654588,0.0015220977613457113,0.00030469849489035656,0.002901091579324366
7,33.7390623222003,0.5762217245472345,0.3021940729878246,0.7656642144911092,0.16217589774312574,0.11678918024798357,0.3055040295776692,35.92281133375126,0.5928379187594245,0.46732302906709317,0.9983178202982073,0.0015106616044057654,0.03410249113567786,0.0015106616044057654,0.00044448681468659457,0.002893162778889393
8,34.049295371322536,0.5805531610102013,0.3122266139628414,0.7514770559773639,0.16054693956741128,0.1190401539137603,0.3038717003954912,37.2908795406292,0.5822075464766779,0.5159746131726674,0.992343288350415,0.0016316889851409023,0.028228503372148044,0.0016316889851409023,0.00032622696309615517,0.003085053000879496
9,33.677971684682824,0.5801275562122924,0.3022460677326828,0.7645399223567525,0.16086825886431222,0.11522602089640538,0.3036559887974536,33.51643838098039,0.5809556618655399,0.43136999598055176,0.9430007826198231,0.0029260362892568263,0.03770444745237807,0.0029260362892568263,0.0005615788119370298,0.005430630962386657
10,34.20239013455505,0.5824206486509702,0.30876079264169265,0.7730042445674337,0.16405714418091402,0.1176461879503896,0.30548829204057204,33.16162860238707,0.5895324337792087,0.43041153922999575,0.9498508830607195,0.0018775159066595037,0.026362384826913908,0.0018775159066595037,0.0003747034364141593,0.0035053803706304137
11,34.72641757207793,0.5802352368170177,0.3207218686047523,0.7857593713941469,0.16021082090941957,0.11621867067670925,0.30214431474005987,31.08504213295974,0.5706813659244802,0.3934236786840282,0.8779520682700268,0.0026834540320383733,0.03375574337385358,0.0026834540320383733,0.00046502036014366296,0.004971678418272368
12,33.551125969751546,0.5760047363735157,0.29771275792624596,0.76523794349554,0.16123558534022178,0.11609630104333493,0.3031008319628371,31.23725999382151,0.5704134802023569,0.4037238173670583,0.8886646611607952,0.0020438964057132958,0.02401141645443925,0.0020438964057132958,0.0003875407374221753,0.003767127882956148
13,33.47311796007262,0.5702624904168666,0.3028634780818084,0.7570924054826673,0.15919933397364233,0.11393578565402734,0.30043503406897426,31.997784391626134,0.5673378222174459,0.42356690861187973,0.8797366904231892,0.002822056298717138,0.022124023689355003,0.002822056298717138,0.0005778914222110495,0.005005615346007417
14,32.84452217751161,0.5649418625452368,0.2939453481727552,0.7437737480118302,0.1563962356872976,0.11387733848933153,0.2999457254656734,31.464853763580322,0.569261934850123,0.4122911491693356,0.8597887907967423,0.00166759969060134,0.0206251037378161,0.00166759969060134,0.000321649053951645,0.0030857106875569447
15,32.85040997459327,0.5617435653538945,0.29593601851332496,0.7445474570908764,0.15647206601540933,0.11279443602517486,0.3018008491113947,32.09115359174225,0.5705331397521032,0.4413995866651659,0.8888555038801004,0.00085034356416608,0.019294245115831377,0.00085034356416608,0.00017439600201462783,0.0016288977075000794
16,32.593814631425644,0.5702424141981451,0.29224800393812167,0.7278581554145908,0.15454166137260808,0.1151818192854487,0.3000266825741228,31.807469028415102,0.5622534191969669,0.43184644480546314,0.8972469783706583,0.001030214568308292,0.02185577420683378,0.001030214568308292,0.00026928882756278356,0.0019676787584544195
17,32.52638584647314,0.568439301778591,0.2881549517411633,0.7437017029369509,0.15431756793570725,0.11188511583384508,0.2996686382997786,30.389038113804606,0.5682196877735518,0.40613764227726756,0.851552563054221,0.003425170196950336,0.02521397574763462,0.003425170196950336,0.0006289892693183421,0.006031056823030408
18,32.46920468745484,0.5612594646604964,0.2901175324650052,0.7312770657489391,0.15313539082590955,0.11298601124114122,0.2990428685370268,30.119431419289988,0.5717903554955602,0.40306108644901417,0.8427635325497879,0.0022703858564993673,0.0287002280424486,0.0022703858564993673,0.00044721501192835814,0.0042078979795808985
19,32.24644569462824,0.5648351166530543,0.28286100403117487,0.7269770886689314,0.15222400035502437,0.11267379896988594,0.2994957538333098,27.16766751070559,0.5713651611175372,0.33636404693255695,0.7981130791690959,0.0027618293127690294,0.0390218401170616,0.0027618293127690294,0.0005918125123162369,0.005158554207618036
20,32.445104183897875,0.5684637127469412,0.2857220219919038,0.7365905234243367,0.15137191450294527,0.11213043794660621,0.2973362576175118,25.484396370974455,0.573415834795345,0.3016953176105177,0.7678594815008568,0.004664048404875778,0.05179608560383909,0.004664048404875778,0.0008597716720300017,0.008557523097699546
21,32.36573377578679,0.5669170840380371,0.2841157297777189,0.7337952926111868,0.15337636782047046,0.11284929045628751,0.29797782044301935,25.42319857093679,0.5935817669222365,0.30184064186238624,0.7515435874204099,0.0032732596453935794,0.07229317435379691,0.0032732596453935794,0.0008354669875700957,0.006262948182845842
22,32.070678983751854,0.5714539644089051,0.28221699958334134,0.7152284851571047,0.15151397637682984,0.11306176232300359,0.297110677831123,25.696265005962157,0.5866006159937227,0.31051447484400363,0.7403670644863344,0.0033094990011081384,0.057560697144693335,0.0033094990011081384,0.0007636684086517174,0.006259124555707216
23,32.25647695614289,0.5722803065941454,0.2807461187868171,0.7257583562822142,0.1524739770721713,0.11250867451392987,0.29752783785986403,26.632933776616017,0.59400332399777,0.31803453100837153,0.7875406303447047,0.0037182452030355864,0.07793147388670882,0.0037182452030355864,0.0009409891077101518,0.0070978401928426015
24,31.977888843428193,0.5735485811342294,0.2746844355627876,0.7313984349535367,0.1514722938142928,0.11371447039715275,0.29636999672570447,31.1222429296155,0.5723904164838585,0.43996494650453716,0.7941802149211173,0.00400408767996705,0.08343762463067933,0.00400408767996705,0.0009454237114649651,0.0076414689511687655
25,31.668239852209126,0.5729097325249165,0.2697744670653608,0.717974558123531,0.1505695963243962,0.11160475647814214,0.297453005643132,26.616607543193933,0.5733999340307145,0.33205574986351516,0.7500454746025466,0.002704374285424494,0.06389843014937659,0.002704374285424494,0.000686762955921277,0.005189128981622082
26,31.819654905693156,0.5718348702431901,0.2714021068649727,0.7321618977295632,0.14843235468967333,0.10976621614936762,0.2968038308598404,25.779433819122644,0.5810064092859045,0.3101804263535,0.7606977152101921,0.0031288231318429656,0.05991242810268391,0.0031288231318429656,0.0007221002483122947,0.0059470707595945934
27,31.77509415223184,0.5719743764209394,0.26964185114963723,0.7291357049077712,0.1507686739638172,0.1103703221800001,0.297261607540374,25.496399326241892,0.5824772082107924,0.29567230884711465,0.7748652041216433,0.003225309272088451,0.06771974003830197,0.003225309272088451,0.0007532092311379574,0.0061573600292632626
28,31.55240582890634,0.5783837903957038,0.2707011644555079,0.7052196687232111,0.15176513447494014,0.11127029622775192,0.296355767807155,24.37074941474122,0.5952719161004731,0.2811052011914584,0.7151441114805478,0.004155133645588551,0.07296925610306641,0.004155133645588551,0.0008789363714539917,0.007862545483096188
29,31.32273083462227,0.572251239518202,0.26469256948454606,0.7099279531274271,0.1520491486045494,0.11148920336694591,0.29625187856495455,23.3499041584147,0.6022154446288105,0.2608563723889264,0.6698584786225191,0.0030285144223737826,0.08747906830495072,0.0030285144223737826,0.0007464307576415396,0.005854351912491871
30,31.934892039410723,0.5716297992685426,0.2756352347175966,0.7222491243691097,0.15260362362376564,0.11174057240215499,0.29720146551673127,23.066082048209715,0.594281970680534,0.25615483877204714,0.6759939158891702,0.007227172995048427,0.07724421674688375,0.007227172995048427,0.0011266900181170954,0.013217666218166226
31,31.62976677232547,0.5755022407386512,0.2709406180589766,0.7133004141721125,0.15070130234140944,0.11133989459075924,0.29696867654488207,23.314064032071595,0.5904709246509519,0.2628785691413528,0.6862526050893776,0.0038860586003344605,0.07932340449546332,0.0038860586003344605,0.0007735423726539731,0.007409142825318182
32,31.592735765600615,0.5771008502834382,0.271689412865039,0.7070011905912407,0.1507663173846781,0.11212690208800845,0.2969367630715435,23.960830990886276,0.5879485027872638,0.2731506792562349,0.6996657288435734,0.006830315191891734,0.0653939354550174,0.006830315191891734,0.0011013490218131897,0.012368731743016217
33,31.328805234370485,0.574735225790379,0.26709403744387716,0.7026677993017119,0.14875903499626203,0.11095206463036533,0.29593471282433936,24.619769977800775,0.582810960677795,0.28139551245159916,0.7265921947243926,0.0030091840226138915,0.06417910837070834,0.0030091840226138915,0.0005679859211117979,0.005748821427524042
34,31.493820236878683,0.5711693553169029,0.2715491340868864,0.7062166234347441,0.14970150819615577,0.11235146335086127,0.29587933204323974,23.873945326000065,0.5786618351678312,0.266089769701163,0.7081924115682577,0.002908553888935001,0.07028161759384163,0.002908553888935001,0.0007189996943517328,0.005585937784592149
35,31.550093724901078,0.573715278274769,0.2686916255517306,0.7150403117501486,0.1494104886558435,0.11101464331425662,0.2958752184408073,23.67487278645173,0.5798708695869941,0.26258153149059843,0.6938454855830123,0.005387913124771669,0.07034345702010551,0.005387913124771669,0.0011004313985231375,0.010009179408622528
36,32.14806402420439,0.5670253189439103,0.2816704076734336,0.7257675995588596,0.15037185599529052,0.11110878144833002,0.2966575237443503,22.914719302932937,0.5765699235907881,0.24886011896711407,0.6774623915230557,0.0033944579774918457,0.07299958912352253,0.0033944579774918457,0.0007339025216158271,0.006487260383687081
37,31.602878518815988,0.5668184936561067,0.26958608100909637,0.7155776145499378,0.14937048001185005,0.11202565425577425,0.2967276743690124,23.035738875855614,0.5735352529591812,0.2599359979909478,0.6724151256796601,0.0026693294586420512,0.06834774722147433,0.0026693294586420512,0.0006601753968899126,0.005137993947903027
38,31.386264458831523,0.5705099094075722,0.2686050029519748,0.7104215301876444,0.1476107719968706,0.11096700024015917,0.2943576076946482,23.281532381520126,0.5668338405621516,0.26789758983370543,0.6756044341114177,0.002803967499317148,0.07005364156809962,0.002803967499317148,0.0007064544161742144,0.00539211035552936
39,32.052677617855046,0.5707934563095267,0.2819428524110379,0.7240879018635991,0.1471523924256444,0.11023559933241213,0.294321583558687,23.28936803908575,0.5691161958170143,0.27003946690719366,0.6752962630032461,0.004839350623963176,0.0750421962708112,0.004839350623963176,0.0013467599770661867,0.009092350197601731
40,31.449787193397118,0.5718982143995941,0.27250008509206125,0.7022944406207775,0.1463899532546612,0.11037789914600836,0.2936957177743959,23.79606050743169,0.5692111554341915,0.2897807065220106,0.6774722612523413,0.0032708442642784036,0.07730785495526407,0.0032708442642784036,0.0007470260522800755,0.006276148818812558
41,31.576031845977067,0.5639337286555223,0.27928971117029355,0.7022052934225625,0.14545601020244428,0.10901846622637072,0.29320111071504884,23.405766227028586,0.5755200174463776,0.27197903634988385,0.681475687981684,0.0033531691587341487,0.08887222645923419,0.0033531691587341487,0.0007711023972616418,0.006462506489331459
42,31.261869284727425,0.5662309136034969,0.2700592132719319,0.7026185993422122,0.14635963158270876,0.10967922677847519,0.2928926041108612,23.40601132648848,0.5704488607196064,0.27323490974707004,0.6791060048264342,0.003535111827458653,0.08197660377418262,0.003535111827458653,0.0008919915116871673,0.006777935854474708
43,31.618062067561027,0.5667695452340875,0.2760393420411171,0.7097863271630355,0.14743346070500984,0.10965902403079698,0.2936761022973737,23.42110584411786,0.581218295025103,0.2704419265481043,0.6888127729490205,0.004508112591465879,0.08459743749296013,0.004508112591465879,0.0010123867406879744,0.008560067757988466
44,31.756521633021194,0.5603562001455874,0.2768706272823596,0.7230627972233016,0.14694958170542882,0.10794662744376426,0.29333971747634735,23.770531860780924,0.5833681668296005,0.2717659790310767,0.7044856251576246,0.0031840975064976415,0.06926840687914983,0.0031840975064976415,0.0007115903740694458,0.006088329547560987
45,31.22577800586103,0.5654395654080976,0.2637621861608049,0.7169735382796804,0.14523147898192176,0.10836733207474067,0.2930631511712633,24.226708691873593,0.5705497734474413,0.2825107020829921,0.7154359976192574,0.0031711738867680477,0.05279731005815041,0.0031711738867680477,0.0006871924840990144,0.005982990395551127
46,31.42664485089435,0.5664125483956202,0.2700092931784478,0.7157199759812596,0.14378517815606662,0.10939919269321034,0.2918475464666228,23.88056342942374,0.5733634805008446,0.278009451248429,0.7010227334705782,0.004513467472911556,0.07303591910625692,0.004513467472911556,0.0013655090513655505,0.008501556486298243
47,30.82441331925727,0.566006247454889,0.26230382447104567,0.6995473059787704,0.14383493791048388,0.10765960536616982,0.2898790995267699,23.383111793757518,0.5788333889467892,0.2659154282600591,0.6830100831273315,0.005344224932679444,0.0889896505776962,0.005344224932679444,0.0014182989483792702,0.010082925286271034
48,31.06306898373417,0.5667670629688902,0.2637886270219242,0.7108556399657018,0.14396201112708387,0.10818048895241374,0.29203936441097544,22.95003752274947,0.5765536533289658,0.2543760401345951,0.6887233074093277,0.0039596711042154936,0.07732955377046677,0.0039596711042154936,0.0009804689370635172,0.007533583941508631
49,30.94431066571858,0.5699038763522514,0.2623376228126586,0.7027802412224756,0.14364869167750333,0.10877892281860113,0.2916603355901603,23.272266528307103,0.5706065254552024,0.26145285103486215,0.701983586147234,0.004426828667130389,0.07299071400766893,0.004426828667130389,0.0009949264964336261,0.008347394506197472
50,30.437851016971244,0.564494018747245,0.2557546241822137,0.6905992316626444,0.14003513274776364,0.10742325535556244,0.28985408769803334,22.880526161813115,0.5719691398855927,0.26167928553246833,0.6828154791227151,0.003985187004444247,0.08634085053602353,0.003985187004444247,0.0009473559626349746,0.0076187209110034826
51,30.686329312447995,0.5662376235357489,0.2562222649537385,0.6993571151273025,0.1400831531912419,0.10743119378152743,0.29049250419204536,22.561049451043594,0.5746110614502069,0.2580936381762678,0.6570211014190277,0.0052808871984453875,0.08218481082424868,0.0052808871984453875,0.0011941777298763723,0.009924089676293931
52,30.493380361949765,0.5642044484688821,0.2562963274455688,0.694263759398725,0.14093004721050345,0.10785570782902117,0.290547785699441,22.71084484290251,0.5650146184287546,0.25925486342925014,0.6757585335345495,0.0040938335026198145,0.06789074057936725,0.0040938335026198145,0.0009631545026867499,0.00772202633261206
53,30.819684442550717,0.5634343750894291,0.2624166740791277,0.7019498782960466,0.13946447303718468,0.10776455742083077,0.29095585546863945,22.462750665037145,0.5643444990182852,0.2578411037465195,0.6598622684096878,0.004532826722289497,0.08008683996850433,0.004532826722289497,0.0011735305947629102,0.008580033046914686
54,31.175900195588607,0.5592967793253583,0.26753095492408246,0.7142510510677915,0.13865772605346546,0.1073850954959741,0.2900916553859205,22.71673563548497,0.5609074392360011,0.2616898011561338,0.6669666923227764,0.0060043008488014854,0.06708142121721371,0.0060043008488014854,0.0012690585218674832,0.011022044332804551
55,30.874473586770375,0.5615471564738583,0.2602157783401733,0.7108220025694915,0.1384390141865475,0.10663737422578799,0.2889263797849968,22.943938381228097,0.5620562684484375,0.2587098097710898,0.6825802091396216,0.0036644444755000454,0.05536346064730455,0.0036644444755000454,0.0007982161052200909,0.006873912502620751
56,30.508454018838602,0.5610654065259141,0.25381528554913735,0.6979264790415028,0.13818945063211474,0.10914327380845712,0.2895781367686468,22.98438767024449,0.5602622717231899,0.25659500149550374,0.7003987706326819,0.0053176615361912325,0.05637464904141212,0.0053176615361912325,0.000979044056046972,0.009718595397612767
57,30.583350737791616,0.5563007248462202,0.2582831682703939,0.7024022253315193,0.13802156882629293,0.10768857440749315,0.28997529122597193,22.73399675150454,0.5602231922345761,0.2549020495926921,0.6842416611326722,0.003995506409574865,0.06177943722517383,0.003995506409574865,0.0009224320830511844,0.007505597839317792
58,30.70596534432671,0.5610308334066012,0.2595468687327664,0.7065828620432043,0.13790015048093626,0.10683102967302543,0.28919742485156924,22.768656844184513,0.5627041398446797,0.25466035167763246,0.679167362905684,0.004537782326244224,0.06589724726044666,0.004537782326244224,0.0011335153180137073,0.008490870685262069
59,30.51144012893319,0.5609860319171087,0.2556390133715073,0.7020169635809747,0.13816693519803658,0.10758399753917454,0.2884184740915545,22.87702432442537,0.5676705024459145,0.25434307392799493,0.6862996100605309,0.004515690481598141,0.06737050422946277,0.004515690481598141,0.001018843358717434,0.008464054771914135
60,30.33486822648054,0.5638594774003387,0.2536255284114919,0.6932162104126264,0.1368953136844347,0.106090151686474,0.28914389006894553,22.12341131586017,0.5704627313139119,0.24338005546044994,0.6589446044587469,0.007833248999036474,0.07791034375336825,0.007833248999036474,0.0021497679594366156,0.014235258930260834
61,30.106297109629754,0.5595290460583608,0.25177217074629704,0.6835121026609446,0.13634601256060247,0.10737667283968846,0.28831909870689804,21.94212781815302,0.5741121162583818,0.23466662322352458,0.6745252980814351,0.005260132329459285,0.06629017858066664,0.005260132329459285,0.0011571607192488946,0.009746851049069184
62,30.155465564657227,0.5580771130345459,0.2524183323622926,0.6886457306609641,0.13490601965718882,0.10720707572946088,0.28765754375960473,21.618362309096696,0.5759210149189095,0.23454590296590483,0.6545867676084692,0.005538270362526462,0.07012231769486314,0.005538270362526462,0.001300504321885454,0.010265750341420852
63,29.892388899141118,0.5632247990582933,0.24932020774016986,0.6780971423912283,0.13447250116216858,0.1066709050251821,0.2883174900980678,21.696736566948168,0.576263549136909,0.23905913322131872,0.6511492649198094,0.004411357552182835,0.06878216063903492,0.004411357552182835,0.0011284078619729705,0.008290971968249121
64,30.278437405126457,0.5611091906942068,0.2558610521615213,0.6909882284416077,0.13393589459662814,0.10731554312376551,0.288382807289481,21.673903118480336,0.5708528301674566,0.24023334083683562,0.6488032177155152,0.00543099113900707,0.07355804365366497,0.00543099113900707,0.001361949826261401,0.010115152928107711
65,30.36023545647373,0.5606537184938697,0.25613966948007094,0.6937032040259106,0.1334951061401723,0.10682990313559293,0.2877092301919046,21.677762340157578,0.5758745070401724,0.23744425701695088,0.6545412446255292,0.005256443902707812,0.07096708361572629,0.005256443902707812,0.0013948221554734724,0.009787909484368165
66,30.096796365025305,0.5676500897225264,0.251631311594558,0.6866519493033648,0.13563746746294156,0.10614313633765672,0.2889149558125236,21.493454967226302,0.572317688883125,0.23494804248987855,0.6511906084818241,0.004170541736812835,0.07158091130680819,0.004170541736812835,0.0011780675305641572,0.007881860114082132
67,30.20608507455057,0.5646784882510193,0.2519355013543963,0.6907136491723772,0.1354729666084088,0.10669455879382816,0.28850721324416184,21.65072860759058,0.5691192200431576,0.23874514825738868,0.6568975698896301,0.0040068848716511675,0.06490820373658729,0.0040068848716511675,0.000949287282084602,0.007547830376498762
68,30.364817079574642,0.5642484085112994,0.25666712676479253,0.6939276842315453,0.13277250368024066,0.10593139523762002,0.2880454525884365,21.71818486023775,0.5740236703193549,0.24139560623602432,0.6546356853468593,0.003848139947445358,0.06836247138100865,0.003848139947445358,0.0009137379914033566,0.007286141252308968
69,29.90219936535479,0.5645784148452608,0.24997655383130918,0.6760613784543095,0.13480793360423218,0.10545500352606636,0.28869382313162123,21.697281359594104,0.5718732023393953,0.2370085831554163,0.662476511486681,0.003838200213751822,0.0680336046528293,0.003838200213751822,0.0009841070953093408,0.007266454387935217
70,29.912237085043724,0.5644263840118554,0.24681559484337173,0.686008953394049,0.1325412960642657,0.10677296408071986,0.28871328191677825,21.569768215154674,0.5741853897189682,0.23533090321726097,0.6628912858890764,0.0039006558365504004,0.0721270004553287,0.0039006558365504004,0.0009994770759695,0.0074010595359889466
71,29.991281900982088,0.562386829557607,0.2510700658533341,0.6832329342382903,0.13333282061150864,0.10560202075951675,0.2869140043505611,21.464931933910815,0.5751834408545391,0.23197747945979044,0.6583924436724031,0.00414614057724274,0.07047522030099213,0.00414614057724274,0.001133524422021571,0.007831542259243134
72,29.783874504663206,0.564204807934132,0.2472784878219835,0.6760391584894954,0.13607120007717508,0.10551754355375481,0.2880101355869879,21.409804831335556,0.5704810630965542,0.232696035530144,0.6508228865278748,0.005508376879513797,0.07888790097659742,0.005508376879513797,0.001612389448810786,0.010297712194220822
73,30.25677955665071,0.5533638127267582,0.25799343473152814,0.6862987075942659,0.1331693117544698,0.1064404210319189,0.28933660338751044,21.34445655087888,0.5701534951920117,0.23204620066401246,0.6492271191113955,0.004936726368095889,0.07701674068089205,0.004936726368095889,0.0015105863931878262,0.009278694073476857
74,30.179852302800565,0.5596156505415384,0.2588613869578712,0.6793810089845692,0.13165073549207276,0.10638951017657977,0.2864926585286819,21.802260888087286,0.5670116059965902,0.23788243988569166,0.6629458193655138,0.004954704627573689,0.07407096889057296,0.004954704627573689,0.001309158291088827,0.009288115013577557
75,30.378338568013636,0.5600472586516534,0.2601217309658389,0.6849654794621262,0.13264234448092935,0.10695905007798634,0.2873817931598859,21.966986623161283,0.5718147558567328,0.2432521917087175,0.6592651430146519,0.006280744792143242,0.07106246760767931,0.006280744792143242,0.0014618797140170214,0.011541419330671689
76,29.84818355604988,0.566697970712523,0.24723171627403923,0.6774048669638086,0.1322379665226479,0.10649532450617977,0.2868980240402915,21.91980115882246,0.5787644673993577,0.23680451384935028,0.6691087449525858,0.004064581587971023,0.07224702221852299,0.004064581587971023,0.0010817611754785931,0.007696179916222703
77,30.016361432363603,0.5627935425861843,0.2494678295478133,0.6905340834551763,0.1309983029079643,0.10565967537788847,0.28607521692127835,21.92443204648567,0.5777768487538094,0.23715354673145136,0.6767279872130522,0.004815581601135814,0.06677756320639593,0.004815581601135814,0.0011934587645536774,0.008983340670671967
78,29.997585060270147,0.5653998967163659,0.2478337213213288,0.6895249903422542,0.13208942645850663,0.10705328898093262,0.2865808956903829,22.125378518909603,0.5700040789909693,0.2419751418746395,0.6775267876329876,0.004401046604652597,0.0633869266171239,0.004401046604652597,0.0010944545128799281,0.008230628676711605
79,30.04885467030705,0.5711949159346438,0.25179122516060876,0.6810567216573309,0.13069226123328273,0.10564333241336443,0.286619975721939,21.780339963508375,0.5720610105114066,0.23761632083814382,0.6599526260838364,0.00487171085986994,0.0743722670665936,0.00487171085986994,0.0012818296050390934,0.00914442183802775
80,29.786816065761222,0.5687056606412669,0.24857385908557808,0.6778902195752329,0.1312853701679098,0.10502235780547013,0.2860493009907691,21.731544237632257,0.5702406671140101,0.24095051919485067,0.6540396474140547,0.0052819380824359686,0.07777529969419171,0.0052819380824359686,0.0013920814815948453,0.009892077519660102
81,29.6088688352987,0.5697314999767943,0.24405087344578102,0.6748409593149414,0.12992812417282204,0.1044291390207138,0.2852722306433794,21.993347664416095,0.5723376959175258,0.2470258851394509,0.6563659534825907,0.006158608790803606,0.07677965731476241,0.006158608790803606,0.001279983301532889,0.011402598455379335
82,29.875793523470954,0.5717119850153988,0.24942853663268277,0.67582844284107,0.12967194031588689,0.10587226361858529,0.2864659880041047,21.94861687416638,0.5776059750096623,0.24338991930345436,0.6624682525019625,0.00440254243453107,0.0781094028429137,0.00440254243453107,0.0010595178744332169,0.008335277017055396
83,29.91846895041507,0.5598397149110693,0.25163899086480074,0.6822009633046043,0.12891246521048497,0.10580685047338614,0.28695470675293233,21.902326382599867,0.5722154060225466,0.2421732668591526,0.6643348365893096,0.004987285458961004,0.07757170085770561,0.004987285458961004,0.0013184651013519134,0.009372019521426892
84,29.793505977908133,0.5645427655350559,0.24879389585130166,0.6786064484998419,0.12860503744072155,0.10584652836006203,0.28576108897805363,22.173160643804643,0.5686272460144836,0.25230171308889016,0.65884332752331,0.004919216419834831,0.08241331976569796,0.004919216419834831,0.0013244291945247962,0.009284259303846439
85,29.83984390287011,0.5616923382485104,0.25023399491859866,0.682536381791758,0.12699347544512016,0.10538753421354749,0.28593344402151544,22.198865168022387,0.5685368291227333,0.2522598227155415,0.6586699289676947,0.005216473654889151,0.07813500093541267,0.005216473654889151,0.0014293671914950511,0.009780011113366505
86,29.60194670139788,0.5653370092961703,0.24919379212228643,0.6670772084178525,0.1277684214905033,0.10506762220247495,0.28445149162547656,22.099172396061224,0.5634461441339352,0.25370507442202916,0.651376894155106,0.004777149780710293,0.07607242068989285,0.004777149780710293,0.0012672355352896186,0.008989765701945386
87,29.67444995240424,0.5636682910557593,0.24852493646957724,0.6739575376713467,0.1268460261239297,0.10419795435362951,0.2848552528828493,21.998815855422578,0.5673703093291361,0.24934106278213072,0.6526858740812772,0.004937607270939484,0.07582140385172365,0.004937607270939484,0.0011807232418010747,0.009271443762045996
88,29.931742885697783,0.566910991208621,0.25359725708695435,0.6760613361577953,0.12736450431985566,0.10476495295822731,0.2850230829158635,21.883038456821854,0.565954325261054,0.24767345799641174,0.6535987336656232,0.004735797816205588,0.08100041460637648,0.004735797816205588,0.0012663819108573665,0.008948414579218982
89,29.868152803616223,0.5591229901507809,0.24999682264432366,0.6849339805754722,0.12831967899578126,0.10405334352909526,0.28539306144017623,22.025792637944736,0.568083429104322,0.24945484853281089,0.6557296780280737,0.004810313301850343,0.07482816623526296,0.004810313301850343,0.0012643625172199062,0.009039522740431287
90,29.803845883003735,0.5647932866498663,0.24787057407025787,0.6832694978661072,0.12676215508054717,0.10367697492384256,0.28562215795572826,22.066823357627506,0.5654969234745224,0.24872669016386006,0.6616527279476067,0.004304472332267385,0.07266231428328292,0.004304472332267385,0.0011362600583800539,0.008127477713035139
91,29.65159175604692,0.5653621185061082,0.24825094454679478,0.6715257650312454,0.126897624580123,0.10543707578469404,0.2848306170006716,22.147488404146003,0.5698601515778215,0.24967990141539348,0.6613019156507599,0.0046545859869884364,0.06864147446893072,0.0046545859869884364,0.0012838277037745685,0.008718003210594313
92,29.79576457854999,0.5612413125840715,0.2533751653849564,0.6714809808498834,0.1267028650321737,0.10544733955202172,0.2842128781002341,21.72519058066529,0.567712118357291,0.24147408918449373,0.6515949247203348,0.004540200897467872,0.07905761930101131,0.004540200897467872,0.001261637600386829,0.008587244816908618
93,29.776318279647356,0.5652427924693586,0.2516621973471195,0.6746222196392595,0.12708422210430392,0.10416055291904878,0.2854944232910982,21.516075517192032,0.5635978823358362,0.23692676579797423,0.648687348350302,0.0048721871628610944,0.07533400594142256,0.0048721871628610944,0.0013346260618906833,0.009152444779356995
94,29.397798722828067,0.5592631676708579,0.2434187752783813,0.6730163173449172,0.12388140617257717,0.10369943849554081,0.28506461059635574,21.484665306099565,0.5654673843414753,0.2357540734725081,0.6519932495309161,0.005174921563693926,0.07816300302446269,0.005174921563693926,0.0013759011070799906,0.009707163019316366
95,29.590371464683447,0.5571731161762548,0.2473309557108638,0.6736167064062911,0.12657269321924072,0.10408628987706509,0.28420334119170576,21.455202047959034,0.5707414852076279,0.2352920024619474,0.6486047714045553,0.005117285879925559,0.08103202831064876,0.005117285879925559,0.0014026786434710437,0.009626636223209292
96,29.787960500517254,0.5616449997398621,0.25244508996954973,0.6715563219293272,0.12563489172400955,0.10459954702179378,0.2851572628563635,21.482028419321235,0.5689140889809762,0.23654081619211606,0.6458413897654711,0.005898583595939419,0.07816715368673309,0.005898583595939419,0.001513483820483501,0.010969403359360648
97,29.426379221435244,0.5589315931688255,0.24464762380803703,0.6686170310627223,0.12461276796133097,0.10479143023049935,0.28470698101893893,21.569284252274088,0.5668481045213096,0.23853561615982613,0.6499359719939046,0.005661654587079176,0.07645414034245736,0.005661654587079176,0.0015548898301343162,0.010542598649687367
98,29.68573556022785,0.5605834572221142,0.25000505299111037,0.675860405335738,0.12403864858605418,0.10519667096440617,0.2843422350070626,21.838410223717297,0.5660837366209401,0.24750572575248164,0.6502808545316968,0.00606284391198901,0.07463770660670624,0.00606284391198901,0.0015353757391622608,0.011214713213151114
99,29.385527072205644,0.5670576352814417,0.2429426078731711,0.6683894599042604,0.12463420831153925,0.10321347824494216,0.2839580102009485,21.70057151224706,0.5690588871121922,0.23683016031206428,0.6653464090772522,0.004575457167093781,0.07462589636690209,0.004575457167093781,0.0011620394154300093,0.008622266593870238
100,29.663832879683827,0.5670129010768472,0.25004823352916467,0.6703227897313608,0.12531684549885966,0.10383925819597248,0.2838379046184949,22.188868192367224,0.5653846559328434,0.2495725958475045,0.6682591622784024,0.006005359499344464,0.07279462529728381,0.006005359499344464,0.001408282662199446,0.011095380174463407
101,29.7246506922636,0.5589182836941814,0.2501652082095311,0.6805248927467408,0.12404442332345078,0.10376038528064728,0.28303375384516544,22.205607123189157,0.5686847470797501,0.24770672529032736,0.6707012779784925,0.004252007070067704,0.07179969236508324,0.004252007070067704,0.001113923698381644,0.008028559567570004
102,29.70108320563113,0.5634335943861749,0.24874153030455187,0.6792759072912901,0.12472222286532604,0.10424971503737289,0.28357649154492576,21.860314561175063,0.5714404693929664,0.2458524275974278,0.6534338236113131,0.004951498180321295,0.07499347561467394,0.004951498180321295,0.0013401848077668863,0.009289641122260852
103,29.619783910664324,0.5628947380438686,0.24942820922514072,0.6718187229627451,0.12378037583115069,0.1043451455239156,0.28206512793145255,21.62513773059432,0.5702699028052293,0.24041310407511599,0.6549471681252187,0.005059389044932595,0.07338389952306089,0.005059389044932595,0.0014581774735640458,0.009466143097751187
104,29.483902705435984,0.5645614091844359,0.24630587124501144,0.671478922505267,0.1233073588777632,0.1031002018694868,0.2829264228205793,21.68233661218123,0.5702074798412653,0.24106700103971865,0.6555512178511846,0.0045855040280925775,0.06790260370198607,0.0045855040280925775,0.0013701339739960895,0.008590861937046534
105,29.634201533109426,0.5623287048131117,0.24988396557188064,0.6766201392201989,0.12379944078743678,0.10383188289402996,0.2840016504104276,21.674437918188254,0.572226725873493,0.23907131722672678,0.6555492748945823,0.003896466129604332,0.06861755023247873,0.003896466129604332,0.0010125053337423176,0.0073741870548789555
106,29.44546546301036,0.555693907118902,0.24813287369401624,0.667571962100216,0.12233525021725165,0.10383263252142692,0.28279865982353175,21.576699172263538,0.5738432695081224,0.23557721154191794,0.6573029842985657,0.003797984364857398,0.06824611922530202,0.003797984364857398,0.000902892694201799,0.00719552831844228
107,29.366050588511364,0.5603498873081513,0.24435556373121411,0.667468571890738,0.12290824795401346,0.10370339146033206,0.2825521351229836,21.168179037250997,0.5742435486285717,0.22641307659027896,0.644991700654422,0.004180194447455107,0.07442626246415368,0.004180194447455107,0.0010438204355745003,0.007915793722832071
108,29.174648480115483,0.559384548230471,0.2444102634686136,0.6584389006532958,0.1201589644212464,0.10409745329625804,0.2822045202099439,21.185011237214653,0.5771647874927108,0.22849641719357275,0.64133594975327,0.004707792000581691,0.0739655289887112,0.004707792000581691,0.0010496786548028665,0.008852157791565398
109,29.40011814108024,0.5580679488020378,0.248911961164376,0.6673607883191726,0.1207211772450757,0.10260077253553634,0.2810218761389117,21.214900532842197,0.5739117600185014,0.22826537106073264,0.6428658052698358,0.004448948099695734,0.0760766809498806,0.004448948099695734,0.0011450097555660928,0.008406297700195619
110,29.259756573913425,0.5628658772690817,0.24450227027499427,0.6640602933787241,0.11995916006312637,0.10323828569947571,0.28232365063909537,21.107436024265372,0.5756979184749322,0.2257101738188432,0.6409418437130008,0.005059622692058539,0.08023111654961042,0.005059622692058539,0.0012640273408715526,0.00951895086179015
111,29.32420716714918,0.5547371603704704,0.24703436453267472,0.6684309620819021,0.11951169355757507,0.10245830220607846,0.28087413434109176,21.078207467025493,0.5726590577142063,0.22626701355367512,0.6405004947990566,0.004404937611693755,0.076957890027811,0.004404937611693755,0.0012032976631901168,0.008332913546271619
112,29.37908400031112,0.555484867750055,0.24639093791365477,0.67243822211108,0.12116693777896914,0.10234454631203678,0.28092571613453465,20.88553021377299,0.5757723542260917,0.22371683398753534,0.634720688387429,0.0038566890504102363,0.0783710136161496,0.0038566890504102363,0.0010880488907455226,0.007351600988017745
113,29.288910163757098,0.5626037117879282,0.24475856822640915,0.6631322496842809,0.11944792776812975,0.103270918631561,0.2817620508253354,20.970795783129606,0.578611604450069,0.22322690453041683,0.642112286962988,0.004473253079397799,0.08205412895860122,0.004473253079397799,0.0012244580643692828,0.008483993769282765
114,29.172144000833043,0.5644087127045844,0.24326574612229732,0.6597694026997586,0.1187606428287069,0.10182064892574869,0.2817012205738322,20.902450043401675,0.572255983110114,0.22586486922391566,0.6308638490897752,0.004447237602103762,0.08417717418814853,0.004447237602103762,0.0011736365843913168,0.008448143953256613
115,29.41938297757385,0.5569540542606655,0.24661510568181036,0.6722369999171185,0.11803155732323885,0.10252952751842512,0.2816156533474399,20.998030667697197,0.5747096837857069,0.22367328068330175,0.6358602277902298,0.00585618997754748,0.08635909663992049,0.00585618997754748,0.0015643980655263602,0.010968577873876211
116,29.293887874201104,0.5539450098642145,0.24431095902524366,0.6733038407071745,0.117583114265679,0.10210890095547742,0.27992943294906736,20.95675849604916,0.5789802971082333,0.22397795856579558,0.6332415435221288,0.010046614153524392,0.08568692668610149,0.010046614153524392,0.002333589631685986,0.0179845743271676
117,29.210132360164394,0.5618308120017869,0.2410890865616234,0.6706049506599601,0.11961734691765688,0.10262896561749399,0.2818675191680247,20.776473648104318,0.5745609445231301,0.2196475204031963,0.6300098786364386,0.004086463332454299,0.09135556153872233,0.004086463332454299,0.0011952280296718362,0.007822993130073525
118,29.257845685749547,0.5660280821576218,0.24190346533765628,0.6715376276049749,0.12041088316529878,0.10231557604311317,0.2811573518006046,20.791720278851397,0.5753936401177279,0.2193009965121746,0.6280998265072381,0.004883985289897589,0.09111575483537336,0.004883985289897589,0.0014281626487621562,0.009271025228051307
119,29.279121671740135,0.5668458972773922,0.241903741826773,0.6714722509742812,0.1214710523669508,0.10315186126127784,0.2827351464626968,20.842339743783462,0.5733285066369292,0.22435026214300813,0.6270353590255175,0.004058066452310995,0.08956148139428018,0.004058066452310995,0.0010965268138482366,0.007764328100814193
120,29.057661285823723,0.5633406213194169,0.23988475193959716,0.6646490626946624,0.11924366736336715,0.10192789873004915,0.28075306957217827,20.860835182718386,0.5659380088120828,0.22492321196830634,0.6307226984531848,0.004575207561478153,0.08597430365276418,0.004575207561478153,0.0012781222724787828,0.008688070844121262
121,29.03231420205348,0.5651147509620751,0.23764823368864202,0.6666015448684904,0.11931454364908572,0.10221815507734969,0.2807223111868787,21.083748763773865,0.5632838720367068,0.23279243910854513,0.6343071514909918,0.004762282925590387,0.08189544142728826,0.004762282925590387,0.0013203342443358715,0.009001142490303728
122,29.18842128231552,0.5647522025131856,0.24378463109603793,0.6654653914098234,0.11927751698169475,0.10229571112322491,0.28167137646939694,20.707635659676093,0.5690667246069226,0.22169507564210789,0.6307605370814666,0.006595011033580759,0.0852828350482055,0.006595011033580759,0.0020241063059032193,0.012243239520815458
123,29.246223854224866,0.5685044000460393,0.24227243908089569,0.6717121960863968,0.1185866385358403,0.10129529478099615,0.2799204822202499,20.68488249943886,0.5685260495840213,0.22026479195851784,0.637446551224886,0.005197236809876888,0.08648570167486005,0.005197236809876888,0.0015553152353053503,0.009805241404810393
124,29.243551965412465,0.564890159043666,0.2409260437517219,0.6766856672143524,0.11767826173523425,0.10141966487229348,0.28067552056691797,20.92850358868058,0.5785380605753366,0.22351581522654662,0.6440181914088013,0.003946638579984154,0.09240944756849034,0.003946638579984154,0.0011769230139342596,0.007569977268832862
125,29.134308389758946,0.5628891278209874,0.24172038930375245,0.6695504828313718,0.11604438701692771,0.10105861759711282,0.2794533596820808,20.800102060491387,0.5772408027669568,0.21801367511738948,0.6446491497935671,0.004662646000835384,0.09160338803587888,0.004662646000835384,0.0013218076969551923,0.00887362142135341
126,29.094720689935837,0.5624973550898226,0.24059563229358888,0.6688992914671374,0.1166823268621131,0.10123388349330087,0.2792507878765372,20.531954396854747,0.5760878739934979,0.2151573815451556,0.6267838941895084,0.005021825672072767,0.09705828485805856,0.005021825672072767,0.0013308740386952045,0.009549554444177039
127,29.54673450531119,0.5585688871828755,0.2491455339951815,0.6787375689802275,0.11792905164512768,0.10147627547231725,0.2812174491207638,20.90650420684319,0.5724570529285448,0.22544988431842813,0.6321416815896055,0.0036138995757495898,0.0940202100745543,0.0036138995757495898,0.0009540285551726619,0.006960264164180068
128,29.16538122226513,0.5596791150464082,0.24562210084367475,0.6643328115472664,0.11750219304817379,0.1011164148628675,0.2797679585460964,20.98879548791167,0.572432623152093,0.22890097622102473,0.6313522390988998,0.004713632899928093,0.08535778890156288,0.004713632899928093,0.0013137472546291393,0.008933916529446043
129,29.276473615672234,0.5620923410508547,0.24449953268731126,0.6705888438092501,0.11723697270495236,0.10227331223423362,0.28088861918846275,21.338774905060276,0.5695762492361522,0.23678530307559223,0.6455463874133635,0.005378564798414432,0.08044866290912553,0.005378564798414432,0.001715055144725867,0.010083008806412096
130,29.103979805688823,0.5665635691471076,0.2433815012914479,0.6612161398668912,0.11635295916968812,0.10145253233804509,0.2780602145687425,21.20411820741959,0.5713678372628761,0.2290682497543174,0.6551845018223766,0.004596969247992851,0.07934551027841372,0.004596969247992851,0.0012684481448128795,0.008690447858439199
131,29.087742247799028,0.5629643590985333,0.23992583659074457,0.6694287989568769,0.11658453114753366,0.10078869483740277,0.2785162196463633,21.10425139299203,0.5766203064165074,0.22630133707221453,0.648093648287125,0.004397688826098582,0.08198299467510932,0.004397688826098582,0.0011719204357734634,0.008347600065187859
132,29.196887678341565,0.5670347976993251,0.24451805623167833,0.6660078272278595,0.11656384610108177,0.10128362414010246,0.28009660451979584,21.204809125883756,0.5687694356038973,0.23183726525796958,0.6428869717564933,0.004167989367944939,0.08326874706637696,0.004167989367944939,0.0010782846433298437,0.007938614056471598
133,29.04352647073466,0.5675788656997915,0.23992872171094767,0.6674579594344011,0.11592391474601961,0.10098978959520045,0.2800204183920097,21.15863498051961,0.5690200864236592,0.22806691178382732,0.6480320698513097,0.006159175801026552,0.07988838379414064,0.006159175801026552,0.0016925333769094776,0.011436619529082558
134,29.177679489925964,0.5654761118380268,0.24163623663117942,0.672848755183702,0.11598804210910962,0.10042961859276332,0.2789255437405571,21.173139233609813,0.5686748748991912,0.23161454260091244,0.6354411253423402,0.00432073178256171,0.08319199085428763,0.00432073178256171,0.001143616155976088,0.008214811929239375
135,28.950123850132183,0.566153914361053,0.23946775155171807,0.66285946340508,0.11388006125164532,0.10013048117578434,0.2783118191504743,21.107283654151026,0.5707772220626022,0.22998122896724965,0.6364063201270578,0.0065088238884237195,0.08068951066305317,0.0065088238884237195,0.0013883086679373083,0.012045959759446003
136,29.146806886251994,0.5658685414329557,0.24128566759049377,0.6715649342860306,0.11470471802322624,0.10104420767814545,0.2785060268846305,21.176476833624243,0.580324061763235,0.2311714259480243,0.6331616636220511,0.005421059864875286,0.09254961001989852,0.005421059864875286,0.0013269671681192367,0.010242187319507257
137,29.178992464862826,0.5619748231074078,0.24274636017739698,0.6734427054919091,0.1141696997565641,0.09993133573470185,0.27848759183313343,21.292221151905142,0.5779075649651614,0.23222306823898187,0.6443077346463224,0.004355063257847513,0.0877644873301079,0.004355063257847513,0.0012872985267238775,0.00829834474171113
138,29.05679756380921,0.5631967941356499,0.24169053825401643,0.6703012991701189,0.11356230493538477,0.10063324898306818,0.27774961505879897,21.420599720694803,0.5739374621347948,0.2354469851497964,0.6491995944089187,0.004407527152401055,0.08657724310441946,0.004407527152401055,0.0010913264111231493,0.008388031286678992
139,29.53130947705703,0.5603700113722782,0.245961097607667,0.6883379434098739,0.11465581969510759,0.10057181601427523,0.2788081725487433,21.403241037806392,0.5728314680196506,0.23778621939482628,0.6412583571491819,0.009447899426451432,0.0902868800725828,0.009447899426451432,0.0024098215823907653,0.017105795325132366
140,29.473753461120456,0.5601034169573378,0.24832745846337956,0.6782770882993385,0.11548201142639179,0.10102217201988699,0.2789641311702246,21.404759573213983,0.5748166643179856,0.2341577143799433,0.6513189276059469,0.0040311562406954386,0.091739855843491,0.0040311562406954386,0.0010817761500393661,0.007722956756036036
141,29.279854849734228,0.5623494922085843,0.24484232778209647,0.6726556933323052,0.11363354187490908,0.10195445900256993,0.2779693218584272,21.466555402392434,0.5707029861547214,0.23760432032344145,0.6500591195764995,0.004930471984906831,0.08794215570432744,0.004930471984906831,0.0013486051311723834,0.009337440875332585
142,29.290018742534293,0.5602149389748509,0.24561796768231986,0.6762325453184976,0.11573610579969336,0.100789055944812,0.2787438559399874,21.426071677889144,0.5794352387195025,0.2341905985011425,0.6533439373557186,0.0040814374092508305,0.08478910933869377,0.0040814374092508305,0.001095867786486329,0.00778798950643357
143,29.40945088613489,0.5623345667939592,0.24728894915372024,0.678316905120739,0.11455501866803658,0.10137493774276479,0.2782345501069811,21.21661025827581,0.5727562810177411,0.2299573700149338,0.6478316678113235,0.005329580635680491,0.08605601909769606,0.005329580635680491,0.0013597679160256724,0.010037522198354016
144,29.223375993063065,0.5650367807739319,0.24467811830865469,0.6662978707053658,0.11330715755434792,0.10153417982868437,0.2779085652124132,21.280115456808183,0.5675085586902899,0.23220525357823868,0.6484726739652229,0.0065318693692150405,0.07737932007568835,0.0065318693692150405,0.0021697141460417396,0.012046822693293942
145,29.31748482155006,0.5705548556826999,0.24517916664297426,0.6762742692680453,0.11421637129814866,0.09991576226770363,0.27670605190364705,21.327327893409894,0.5697575568894804,0.23267932550667167,0.6513556080721158,0.005434974859913797,0.08029533340328171,0.005434974859913797,0.0013942355762133465,0.010180836328628538
146,29.33720496138868,0.5662910896003173,0.24578199587973654,0.6792641093198821,0.11350581377202647,0.09942878542970934,0.27706618662165655,21.190283872348406,0.5697128674684665,0.23105066682482178,0.641628070698156,0.005132311176444357,0.08772970397809825,0.005132311176444357,0.0011814221029817298,0.009697315732027222
147,29.077445699313124,0.5585976470486892,0.24433740523314212,0.6671136945816797,0.11407041941963494,0.10018479298345478,0.27660053904121223,21.092185022511007,0.5718750286669958,0.2299991279227651,0.6388050645460814,0.007676345419138022,0.08039186395597023,0.007676345419138022,0.001811760940928085,0.014014494469528778
148,29.300230917595464,0.5540189113187731,0.24853905938960769,0.6751145853508268,0.11387645405213062,0.09925626414229705,0.2767559934485561,21.19891268143922,0.5740880384331658,0.2322341473490903,0.6382910816958456,0.004583156373949009,0.09420142389660965,0.004583156373949009,0.0013543929122373031,0.008741037420705476
149,29.777747311809648,0.5469394000993557,0.2558102060830549,0.6957002560322146,0.11356566949723387,0.10013764575422361,0.2780718119532495,21.244970417641973,0.5737278555636798,0.23081461219237998,0.6475973669842724,0.004259685481979269,0.08675661445855497,0.004259685481979269,0.001157789760334384,0.008120652922964992
150,28.940524893830062,0.5505824908889766,0.24286012413065178,0.6733200530970581,0.10680704255865109,0.09836015552879482,0.27339822945039166,21.275037593139714,0.5692471869580158,0.23231090008567423,0.6463601848521789,0.004312756145304714,0.08592581164454544,0.004312756145304714,0.001114712863425926,0.008213274684795917
151,28.712242567730303,0.5472480935835808,0.2404863883990395,0.6686083665978894,0.10598260763476794,0.09773389623028429,0.2710135871620272,21.260019769916287,0.5628943742611707,0.23301299185657398,0.6480992584775537,0.005383041802267455,0.08439654947553915,0.005383041802267455,0.001384227339460292,0.010120566318645406
152,28.731629797915495,0.5493239249239427,0.23924782801460837,0.668247589237446,0.10582825311823632,0.09843598547564997,0.27307902555797897,21.255873265204492,0.5609180626673099,0.2346150597871898,0.6468085076385762,0.0056767125473503035,0.08235046713536169,0.0056767125473503035,0.0015228347053215159,0.010621263381434366
153,28.582150064179107,0.5511448364957487,0.23816474593266312,0.6646313009882385,0.10483992863423507,0.0971552795350423,0.2714480746321555,21.136112977932026,0.5618652305303714,0.23197353189383751,0.641858811244304,0.005960004277111542,0.08372828365299462,0.005960004277111542,0.0015010274166829978,0.011127895073121284
154,28.673535042714544,0.5505938878703206,0.23861500994749046,0.6669076193128649,0.10395148120425485,0.09734193610461514,0.27192222563097423,21.071476018790044,0.5627586446799241,0.22778314235922578,0.6469471441718923,0.007362097481123259,0.08115331108627406,0.007362097481123259,0.0018178529433888133,0.013499538595659387
155,28.545700135566157,0.5495112002557362,0.23562050127549472,0.6678327514931247,0.10543013001882853,0.09680344827551253,0.27215141875602755,21.175973576384706,0.5614475485308346,0.2305994185566644,0.6487237282129593,0.006595393053848846,0.07741676110847591,0.006595393053848846,0.0015046257389153442,0.012155240478175781
156,28.51202601422217,0.5490381066514002,0.23586201889190075,0.6651154539735044,0.10289654481361371,0.09699349798854674,0.27105676861417866,21.313924276467525,0.5573860503636398,0.23332706538887768,0.6572734416821302,0.006065654319009682,0.07620865933864139,0.006065654319009682,0.0013032021473340474,0.011236930777370997
157,28.45207645507982,0.5510411557228145,0.2339811591815052,0.6661542885180025,0.1026538352375223,0.09650227947805982,0.27059459967398614,21.365081720021895,0.5560042979397299,0.23240866842659522,0.6647620394632414,0.007613221663594967,0.07854789079192934,0.007613221663594967,0.0026094229646197896,0.013881030241235376
158,28.486515008712374,0.5536818283847758,0.2358532407299217,0.6631677559359888,0.10368066111811507,0.09643670906336879,0.27232240043056877,21.42979281289237,0.5546052297214409,0.23618223708429378,0.6624638075694377,0.005037008179119191,0.0774764070475573,0.005037008179119191,0.0011697814512194001,0.009459050868643386
159,28.404632607752827,0.5497053826340323,0.23431883281976462,0.6646655255930932,0.10311323570824801,0.09626853054001211,0.27003868062016995,21.365778706290506,0.5540221297379696,0.23737135037650794,0.6552670445793118,0.00433006491048718,0.07813239332725154,0.00433006491048718,0.001025091992716871,0.00820539047582949
160,28.367218062263234,0.5508263202248608,0.23456558977447808,0.6602017697217873,0.10171733714373721,0.09648850453735022,0.26997457834192623,21.425236080632065,0.5522943662874626,0.23791899782045062,0.6579300340635952,0.009843522106954517,0.07627390421379208,0.009843522106954517,0.0024734461717762063,0.017436746414501617
161,28.385437955985676,0.5527267278196192,0.2346981686577844,0.6645316291237583,0.10308870284803184,0.09585120791796728,0.2702773567817361,21.500956737633906,0.5523727465243566,0.2385075624500002,0.6631016666755015,0.006560157270450399,0.07681845643954417,0.006560157270450399,0.0020060243927096707,0.012088019531469978
162,28.333580113515605,0.5575626735769571,0.23303632393166993,0.6563074850418712,0.10305350996168047,0.09681475127481025,0.27034815714112337,21.488294915203408,0.5548328652784422,0.2396324026474963,0.6593335714691129,0.005538355554705357,0.07937096224062289,0.005538355554705357,0.001250747254290725,0.010354213672220756
163,28.18495366135302,0.5524331090923597,0.23229280393455826,0.6508022564407048,0.10205018943871581,0.09666582381722555,0.2700799693492426,21.255870183308918,0.5578665315330803,0.23509187169082754,0.6483401573581613,0.004997938992304031,0.08206271922257867,0.004997938992304031,0.0011456010954972037,0.009422039130572765
164,28.40976538581707,0.551645040218104,0.2347357895330936,0.6598847288312218,0.10282955185019867,0.09721107409208204,0.27140826734676315,21.216441599321573,0.5559649335873591,0.23408976279489405,0.6502223047085138,0.004974604775692814,0.08283747723835519,0.004974604775692814,0.0012266523413100659,0.009385581127898592
165,28.18451199255213,0.5513798086990117,0.23027211566410877,0.659179470027566,0.10244818165227679,0.09537142115092748,0.27072340038716425,21.174365085956854,0.557072468521275,0.2325431758545952,0.6512497387407146,0.005687467898451842,0.08300762296831955,0.005687467898451842,0.0013446018541902348,0.010645531479713019
166,28.023937492570514,0.5548409029161592,0.22792073814186892,0.6495331164206001,0.10293927518409733,0.0965845166750335,0.26996033683731585,21.164910249379805,0.5578522995694891,0.2321262616357762,0.6496918334331347,0.004905587559606547,0.08303296533281136,0.004905587559606547,0.0011680588875400395,0.009263865924020691
167,28.226804419304674,0.5548661900213409,0.23063311768573985,0.6539292248418387,0.10233902068907434,0.09751393778293259,0.27045305666735375,21.139024944016427,0.5574884166965237,0.23028424780541684,0.6513149450609694,0.005985676982052523,0.08290509698618795,0.005985676982052523,0.0015550903731093649,0.01116523365861024
168,28.098803873861762,0.5558270952043051,0.22913174559942157,0.6501084269195537,0.10198568941912764,0.09712999498382045,0.27028768396627445,21.037260450842062,0.5582722339021179,0.22811502308556528,0.6476144269431309,0.004602022355699956,0.08477489561328365,0.004602022355699956,0.0011387078710413641,0.008730127949810255
169,28.129741413525675,0.5538334364367766,0.22936165976796286,0.6542014847480854,0.1022719737330656,0.09622021377977769,0.2705680676879483,20.958027764316245,0.5604450169837836,0.2270937722289201,0.6437621444334716,0.005066868301202843,0.08450622230182747,0.005066868301202843,0.0012776155201845677,0.009560502962505666
170,27.935123886926842,0.5537621238890177,0.22689186848709234,0.6490508880920974,0.10178233588943499,0.09541792581925851,0.2692435551365854,20.927147039603362,0.5594779223332673,0.2265855882365208,0.6444886868650263,0.008302370445494017,0.08394143920605675,0.008302370445494017,0.00256521126707582,0.015110237243001408
171,28.001025145209674,0.5508423709986977,0.22734676603269194,0.6518733478283324,0.1004298229698372,0.09606457918965051,0.26911686265292206,20.99989668734662,0.5586980518066522,0.22686656567699465,0.6491004638857656,0.006864455914415989,0.08527648476741179,0.006864455914415989,0.0015970621907020223,0.012706114478332288
172,28.117593721749603,0.5529038979592659,0.2291225187948982,0.6562428403503356,0.10252378540143425,0.09588456791440891,0.27063417963858155,20.958380806497683,0.5592585033152526,0.22718078776935993,0.6453145902394216,0.006734593633862722,0.09140040642103647,0.006734593633862722,0.001787627423984444,0.012544853413587935
173,28.07735367856102,0.5541199182244029,0.22822594662850354,0.6574796709414622,0.10161277537869172,0.09459964036436248,0.26979343589445814,20.982306800363382,0.559041462419353,0.22687189448705483,0.650409987736574,0.0057012185992317155,0.09062301167322988,0.0057012185992317155,0.0013681460461774594,0.010727552106222652
174,28.04942352586551,0.5545339253621977,0.22831413023054378,0.6542710969098252,0.10183397217960305,0.09543807481664765,0.2703212840268997,20.8094695202716,0.5609998263063884,0.22512214267989258,0.6421247377540126,0.005034176500786105,0.08955134909808361,0.005034176500786105,0.001220109945333757,0.009532479613321558
175,28.046751441261772,0.5534384244761249,0.22781939246908803,0.6520643397044901,0.10112459091274424,0.09690784026194552,0.26974587723079946,20.846986914093875,0.5586428815152222,0.2259495287036999,0.6439239679476916,0.005413601245442116,0.08869492519904694,0.005413601245442116,0.0013398900147608293,0.010204366717083437
176,28.159329583700725,0.555421607451727,0.23151454461782106,0.6522609430896956,0.10229497652560583,0.09660043510919582,0.26879910025952336,20.9145327925166,0.5618470744653181,0.2260432191418879,0.6456134692156986,0.005078586793404623,0.08839905070493685,0.005078586793404623,0.001179784886057867,0.009605340132126525
177,28.03129085159772,0.5533227325955684,0.2274334289583707,0.654155448685445,0.10067443943521612,0.09554574440282788,0.2694754500203891,20.890767661007967,0.5621998621013774,0.22497386898184235,0.6457805489048813,0.005498725212490978,0.08946253764802942,0.005498725212490978,0.0013492340301989973,0.010360643835606765
178,28.05622506876615,0.5552585592031772,0.22739680067311085,0.6552167007683531,0.09963199824930781,0.09618366108782378,0.26977271012474957,20.860969745751582,0.5635701019268531,0.22459565570731183,0.6443831212334818,0.0064496764498881065,0.09020744088793464,0.0064496764498881065,0.0017117631436717401,0.012038612843503832
179,28.198362043547718,0.5545276514404947,0.2315767719312749,0.6576017716074989,0.10102455790181049,0.09541896845842224,0.2699324494151975,20.844449609905094,0.5635689491833443,0.22414599618676936,0.6457520015053935,0.005551271582665388,0.09058166855294815,0.005551271582665388,0.0015096787297944128,0.010461418153632681
180,28.086787651852234,0.5530303107016478,0.23095497940511944,0.6503853407285364,0.1007694010387385,0.09601393756806924,0.26933698486605645,20.801553900623734,0.5633877413871484,0.22611526469196075,0.6366270160004174,0.005281711192530584,0.0903563123980489,0.005281711192530584,0.0013835363489698826,0.009980046190657017
181,27.981557848421183,0.5559009198195838,0.22839431564809362,0.6480772787413379,0.10088771833370999,0.09537433309000531,0.2697970434269982,20.793730949426624,0.5622162707956322,0.22606424835724231,0.6380576015292824,0.0050263464532720155,0.09205486548591861,0.0050263464532720155,0.0013354580659229577,0.009532218178969647
182,28.154712949816307,0.5537439004487086,0.23127229000945862,0.6545826508657853,0.1005558071407672,0.09602626274843987,0.2690600448008971,20.87228012084961,0.5641948251755207,0.22612871577987423,0.6433232421482796,0.006061938865524825,0.09155720498842826,0.006061938865524825,0.0018530087115361464,0.011371011001049685
183,28.052947878102632,0.5531639081923206,0.22940224493163583,0.6526829088439777,0.10001317064166436,0.09580019006618148,0.26941955980698956,20.842494117233144,0.5657496204623929,0.2264347148018998,0.6398522017838119,0.005219370958770402,0.09310407100337936,0.005219370958770402,0.0014034866936960084,0.009884614993958466
184,28.075286760577143,0.5499209650274269,0.2303157579222678,0.655778271239136,0.09985032173289324,0.09493545060070133,0.2683863144289845,20.833047227942068,0.567686141569377,0.22561240312340972,0.6401529273429474,0.005157302468189266,0.09579065645481633,0.005157302468189266,0.0014604318449809818,0.009787644925851166
185,28.14128082689316,0.5523860477342852,0.23108841021316706,0.6540863019323525,0.10008963846754278,0.09643726165690052,0.2693590840965546,20.824814704589514,0.5682025805954293,0.22573462251202886,0.637984751880943,0.007326669507051342,0.09492046156427213,0.007326669507051342,0.0021489757273335038,0.01360333231947745
186,27.964207985545205,0.5516729756877395,0.22823645550247773,0.6532637957947469,0.0994409884035624,0.09545667604663848,0.2676302459729438,20.83225034532093,0.5653888473521064,0.22539163508262985,0.6399352200877615,0.005120459105641456,0.09610203097854847,0.005120459105641456,0.0014363136810591703,0.009722869279059652
187,28.06871929944811,0.5510598241768401,0.23052680776276513,0.6526482304059769,0.0990947435062227,0.0951705449392833,0.2690736611181946,20.812030903704756,0.5652634581446132,0.22496875864151236,0.6393738189042905,0.006444770227564134,0.09424269063060355,0.006444770227564134,0.0018789112106815495,0.012064510944361171
188,28.06178410338415,0.5520492048357624,0.23156217578454025,0.6507487721125677,0.0989048230988875,0.09555540098228782,0.26897208822567276,20.819832898837664,0.564882844299465,0.22582370302442348,0.6382982146430325,0.006238969178978238,0.092503033289272,0.006238969178978238,0.001783306883759173,0.011689525414259959
189,27.984467544038257,0.5491561717302085,0.22897605238764854,0.6495343126659769,0.09882824552508414,0.09571501992197315,0.26885993256889346,20.860752223374007,0.5650639792025347,0.22618320118232724,0.6394015857667634,0.005441973756101841,0.09157566364547401,0.005441973756101841,0.0014313432278162458,0.010273438347988132
190,27.92954884151642,0.5505526813273072,0.228170768868835,0.6493374777707454,0.09836056048760211,0.0952732107865035,0.26867342344341677,20.900545162555975,0.5642624609656148,0.22751045254466337,0.639823501631295,0.0058989404573708,0.09004794197585167,0.0058989404573708,0.0016709744638052806,0.011072531687395415
191,27.919158142974137,0.5515321636097058,0.23004321122378957,0.6464388656777901,0.1000341380717814,0.09500790836057556,0.2680059134335465,20.918494693128576,0.5649029584158034,0.2262534759938717,0.6421241264838677,0.005355918944424464,0.08879183896053744,0.005355918944424464,0.0014695127648764294,0.010102458156870551
192,27.966027856020098,0.5507440304271096,0.22877030736512968,0.650513482079112,0.09855531120923165,0.09495975374004145,0.2694250541646148,20.94046851773283,0.5646040340264639,0.2263003619653838,0.6449325075655272,0.004887805880054404,0.08943490548320958,0.004887805880054404,0.0013612029215023264,0.009269039250141721
193,28.05102305171228,0.5484290031851734,0.23009878311090345,0.6551884746433921,0.0986391001997651,0.09503171852251237,0.26840723828675567,20.94941482812295,0.5651057129040425,0.22621691349522893,0.6457363640591179,0.00472499028037238,0.08971471305414325,0.00472499028037238,0.0012927860520672628,0.008977180830094729
194,28.158297645766403,0.5555780278989625,0.23189972198204253,0.6522097519969823,0.09950131886212658,0.09654190816655847,0.26831038290710546,20.92927404812404,0.5649364158446655,0.22685873832602005,0.6430057829076593,0.005875616837650103,0.0913600933660144,0.005875616837650103,0.0018695535810247022,0.011041147367490694
195,27.93771390526862,0.5532163660858475,0.2286296157963326,0.6485988386756247,0.10027207235280888,0.09480031129172584,0.26784848498063374,20.95941712329914,0.563299507676781,0.2265532472013653,0.646773030102511,0.005947147030666361,0.0910600452171058,0.005947147030666361,0.001559559720936543,0.011165099514313421
196,27.894579085410008,0.5550048964238197,0.22686119829608833,0.6526243076665481,0.09950007393533587,0.09394016171060272,0.26773164613326295,20.925841041457602,0.5635006603224453,0.22728815548992776,0.6421059158457306,0.0047726961462988176,0.09419154221896953,0.0047726961462988176,0.0012969367172860125,0.009085051691160941
197,27.80113688467757,0.5548850199444226,0.22414254259350266,0.6489147447995869,0.0993164325989645,0.09426552075984555,0.26844892747305177,20.869510493753275,0.5633021580192433,0.2263412413659034,0.6407618780672808,0.005515056369974177,0.09484956614760012,0.005515056369974177,0.0015367242300690198,0.010424005807026501
198,27.98718623550547,0.555210787329809,0.22696151030875752,0.6575157777595755,0.09853187499225655,0.09388603445064418,0.26784912071451455,20.821748949232557,0.5630113789529512,0.22426858813667194,0.6427545084323718,0.0055701285470076654,0.0941655839101967,0.0055701285470076654,0.0016147315231529072,0.010518086133066847
199,28.004635817907594,0.5570025092723484,0.22755117948211812,0.6504292504634575,0.10009867315549224,0.09581247924536504,0.26812333728470433,20.845111326737836,0.5627453199454716,0.22600022461507227,0.641917400158845,0.006828156512052588,0.09367489372534163,0.006828156512052588,0.0019192243511663128,0.012728505932818717
200,27.660886005467464,0.5555069183818215,0.22331898297044264,0.6448769062647249,0.096772383630928,0.09352502319387605,0.266554887855538,20.84693005384305,0.5626220314791708,0.2256253201885399,0.6434096296628317,0.004654886324129003,0.09357501775981193,0.004654886324129003,0.0013267091441689347,0.008868604209937072
201,27.899829711631842,0.5558308734479286,0.22643621708697073,0.647663194764263,0.09892966524317733,0.0951563668231745,0.2682752057487368,20.862041742770703,0.5640207619378061,0.2255581095653437,0.6438422132106054,0.008107464141770401,0.09280315833541353,0.008107464141770401,0.0028415770959422854,0.014912171979070368
202,27.864893480529034,0.5574389311373601,0.22638009617199292,0.6462858880051261,0.09937996490549586,0.0947775103653633,0.2681178712778703,20.863663289454077,0.5663963340835654,0.22473089529193324,0.6434324614671402,0.00480198222017313,0.09167849823842747,0.00480198222017313,0.0012848966825834843,0.009125960327322512
203,27.955606417062103,0.5543466002006272,0.22690617390041287,0.6527791267258612,0.099753754392597,0.09457837480881726,0.2685745404952845,20.827931104800403,0.5640070109398334,0.2238344330485765,0.6436092822582691,0.005165628411065135,0.09243564883164362,0.005165628411065135,0.001498236125186197,0.009784466500629694
204,27.782515352957052,0.5578960949777821,0.2236396200385326,0.6473520522714397,0.09947585848041807,0.09407329560704207,0.2677632491810548,20.755561437441674,0.5660739166912062,0.22345276836515504,0.6401608554057745,0.005028740588493226,0.09711198492936862,0.005028740588493226,0.00139341882883085,0.009562316652196829
205,27.90119853178464,0.5547944499149864,0.22641633801006064,0.6521992897649288,0.09968307725947383,0.09432374939446495,0.26889973766780223,20.65926297608908,0.5635967613298656,0.22227915563495645,0.6372733882495335,0.0066183788475109315,0.09167449983778772,0.0066183788475109315,0.002820258830387569,0.012345483796951927
206,27.78302502661539,0.5558125306880871,0.2257857651032884,0.6432468440617939,0.09916663928354749,0.09524690119019089,0.26680706630652695,20.76493670930078,0.5649010491319549,0.22429842169666703,0.6384190060359575,0.004881023057263363,0.09340265912675245,0.004881023057263363,0.001365256449683727,0.009277237536823446
207,27.86716339591105,0.5574237831056339,0.22660195674062805,0.6455493552470177,0.09999802024430984,0.09531457112521007,0.2678882410214656,20.78098111235218,0.565978292133901,0.22468212695219816,0.6378491795682287,0.008111535101203141,0.0935832667124831,0.008111535101203141,0.0025186940638404127,0.01492906105887902
208,27.95900118130497,0.5570713251498419,0.22681212393996453,0.6531701828783744,0.09943882053954534,0.0945059424082481,0.267419789762738,20.74614732090013,0.5660273228888903,0.22331987598757724,0.6377234829194618,0.00517514259747641,0.09400743695876707,0.00517514259747641,0.001416075532200288,0.009810228644214936
209,27.88201752132317,0.5583459234046583,0.22509715537070935,0.6483512210640161,0.0984884476364945,0.09599363566496848,0.2677968429762103,20.781786843295738,0.5651749984010473,0.224559552838534,0.6394281684062182,0.00820947410403397,0.09170631894197788,0.00820947410403397,0.002521202663130184,0.015069902916824161
210,27.852486566903412,0.5573025738266922,0.22462790518649997,0.6518139897601084,0.0989117960935934,0.09438888618720262,0.2678087406439199,20.846581930721992,0.5657769662219209,0.22578543787459274,0.6394633533376636,0.007706285505894591,0.09250548505918699,0.007706285505894591,0.0031893116169738975,0.014227344247238734
211,27.78296206059203,0.5576068003433406,0.22404427627048715,0.6519976424744626,0.09942965329602893,0.09369357549108831,0.2673718336735348,20.82661804389128,0.5659574813398964,0.22632620701348627,0.6361577576631076,0.005045520968120235,0.0935830048531351,0.005045520968120235,0.001318970604501574,0.009574816399505233
212,28.017025024470506,0.5542841078541282,0.2282192983587632,0.6539261137145662,0.09934102444830276,0.09530453781600762,0.2686900515591613,20.982266258883786,0.5654104161056089,0.22948577388863026,0.6391313670775591,0.006715813028643705,0.09135079493217088,0.006715813028643705,0.0017221321375285945,0.012511799307417098
213,27.777506795382234,0.5541661137349803,0.2236308078069134,0.650184897106467,0.09887217586738334,0.09359099162092523,0.266919388154432,20.989481178713053,0.5649131951910077,0.230757207355716,0.6358895252793382,0.007802619217045056,0.09148206259634029,0.007802619217045056,0.0026630510325002968,0.014378848511007462
214,27.936057922431484,0.5530969864710633,0.22830843783997726,0.6528231867585611,0.09817178947701774,0.0939567876272317,0.2664927860444042,21.031850906677576,0.5614534819022917,0.23081124214318408,0.6390328631772624,0.007778860984690069,0.09174918570045626,0.007778860984690069,0.001954581763471,0.014341769677850546
215,27.91201881709728,0.5556862536179299,0.22650154562421262,0.6524812723940604,0.09872654380802749,0.09465155111334106,0.26748577524642614,21.03222490698744,0.5625793035928305,0.23070971116230085,0.6387188564905356,0.006447204027899499,0.09326816126785502,0.006447204027899499,0.0016346858438510247,0.012060706255598425
216,27.824517628708545,0.5524274915567015,0.22556235588875712,0.6505764992184174,0.09730754108725141,0.0942693079308447,0.2673496975667968,21.08883687944123,0.5616084903607637,0.23184472864324396,0.6405881506540042,0.006846729092409648,0.09010509373657732,0.006846729092409648,0.0019672209313521274,0.012726427387522443
217,27.99086848728166,0.554003725914714,0.22857635996491635,0.6534212120290749,0.09833870918642725,0.09462710750506302,0.26703021911451763,21.116527832947767,0.5631776006964894,0.23195217311124264,0.6398135867469754,0.005761956302856866,0.0901311253659676,0.005761956302856866,0.0015166001893158853,0.010831471819407745
218,27.98296995021853,0.5512295579204723,0.22809643083413933,0.6565909885448827,0.09714425749314258,0.09456621827534716,0.26715339718411796,21.14992917564524,0.5610141351625517,0.23412013858621256,0.6386768664374496,0.005640584014081812,0.08823842899106411,0.005640584014081812,0.0013614478358617951,0.010603355447876444
219,27.804993965769814,0.5532427479762184,0.22526058541787686,0.6464759902948222,0.09762378450845967,0.09500950048465176,0.2670651038169273,21.13690340157711,0.5595663864633221,0.23380226216145925,0.6387713886958696,0.00644360067865623,0.08789295271604475,0.00644360067865623,0.001633935219951972,0.012006948937399228
220,27.761771011587722,0.554495315038761,0.22475051220262976,0.6479032559621202,0.09654011486187743,0.09468517874846402,0.2659946805378365,21.14771617232979,0.5601093036271793,0.23466425098769075,0.6380152093383656,0.005783463126709308,0.08672516757784779,0.005783463126709308,0.0014937317629190815,0.01084378408855769
221,27.795603733321446,0.5534836503271698,0.22429415571667558,0.6534575461679851,0.09810041882896982,0.09315030772064418,0.2664771147081502,21.117709084506675,0.5601988316098333,0.23344185796779987,0.6388877755377715,0.006988017368015592,0.08683525324775208,0.006988017368015592,0.0022640939974513164,0.01293509070551086
222,28.041311115871668,0.5539895759851806,0.22851911634114902,0.6579079160560956,0.09841039120282807,0.09373368748203012,0.2681709018647303,21.052289849235898,0.5611614790055659,0.2316738904264324,0.6386043895116617,0.0056925453480604375,0.08623532862747815,0.0056925453480604375,0.0014830456612143625,0.010680079884093441
223,27.854778553201886,0.5535389589175637,0.22386833915599472,0.6586576878436544,0.09768598902231007,0.09345148367010304,0.26622033596920763,21.007845266556842,0.5625578879794001,0.23057783030586326,0.6381401997624021,0.006590622128563545,0.08605693394484262,0.006590622128563545,0.0017622290286822596,0.0122435767808885
224,27.831091413956536,0.5512455260856525,0.22570344337185272,0.6528222871767461,0.097750402141808,0.0941307819121128,0.2667494723079531,21.028158667799715,0.5634168136171448,0.2300711896963966,0.6386744507721492,0.006128404899193579,0.08819922902987551,0.006128404899193579,0.001598950032058728,0.01146049285405031
225,27.950365880267686,0.5517855163126192,0.22713244695368,0.6597495974212627,0.09831199646409504,0.09363058574254247,0.2672452212445686,20.984521644972105,0.5654144205830314,0.2276172979988835,0.6401099602639417,0.006406489296973813,0.0867239944479687,0.006406489296973813,0.0016660878578912876,0.01193156783644215
226,27.684251254936623,0.5500302579341187,0.2221543814357641,0.6484136556065039,0.09775092751568622,0.0941184735805274,0.2659187283637932,20.973235846597913,0.5655454328823916,0.2256882308268702,0.6450012208837451,0.00662899860488801,0.08450503946399206,0.00662899860488801,0.0019624196699467747,0.012293623778404643
227,27.89990122544633,0.5529594666860842,0.2270562342711427,0.6556837743586882,0.0989640041836681,0.09417433275022394,0.26605018023424465,20.9869994054109,0.5637254922678976,0.22699405235194026,0.645845135440042,0.005557853368800815,0.08284469203820612,0.005557853368800815,0.0016144730126850559,0.01041686409847005
228,27.818600148954754,0.5520437466377983,0.22456025058442655,0.6571226366939145,0.0988153926408063,0.09309079739438547,0.26674402377461387,20.976473885697203,0.5638066830831173,0.22684579252293616,0.6462230319842631,0.008931057641056285,0.08242988026181132,0.008931057641056285,0.002902218331659561,0.016115990681844713
229,27.792113154795842,0.5517203069203584,0.22480570136784184,0.6510479188582753,0.0974820865302102,0.09458916089997045,0.26679827936186595,21.048046843830125,0.562544872234394,0.2278313355367163,0.6512043123895471,0.006767052207649446,0.08111594337410395,0.006767052207649446,0.0018059113718870345,0.012491968896865071
230,27.80144538597173,0.5507926296364658,0.22444189142817045,0.6533781342603422,0.09609761722983032,0.0941853104469294,0.2671445181315395,20.958364653896975,0.5633816442964397,0.2267480921725948,0.6468066466061068,0.006369914392115474,0.08021885233511222,0.006369914392115474,0.0015471138038484118,0.011802621548315406
231,27.951533817627574,0.5530485593508263,0.22849205522149177,0.6535024555117517,0.09787324146952127,0.09424832440297201,0.26678216080703804,20.9870527347961,0.5631759197680981,0.227330277944024,0.6467303642720887,0.005429575053160171,0.08271572388232108,0.005429575053160171,0.0014873396354127381,0.010190248063581158
232,27.759590180675726,0.5536989096722091,0.2244273100539803,0.648043966616714,0.09835268521242753,0.09428674949312402,0.26661196169150597,21.108532206836717,0.5635521306103958,0.23064674385440298,0.6470593078569933,0.006257498338056675,0.08180597136903975,0.006257498338056675,0.0018127468626172507,0.011625722483737819
233,27.77325405968691,0.5547142216221472,0.2248509031216328,0.6463559983911409,0.09777774530865996,0.09577221008254222,0.26619641414846945,21.162911093080197,0.5619077861825109,0.23243802402055624,0.6475063149547164,0.0054667454376951105,0.07984029517705409,0.0054667454376951105,0.0014370449713788105,0.010232838139925529
234,27.92229351956218,0.5535822903551391,0.22779730051461924,0.6501712130081786,0.09928911644620901,0.0939428871371192,0.26737918753438755,21.06503838481325,0.5637153645098467,0.22914150857177132,0.6450767733834006,0.007769180896745798,0.08028342122993624,0.007769180896745798,0.0018700459950511973,0.014167359225741926
235,27.85447145125722,0.551606876341541,0.2279401730686316,0.6527496785035704,0.0966693694656198,0.09320926721955382,0.26575786942838886,20.951886302981027,0.5624612649797878,0.22818025301545214,0.6408152715726332,0.005587325518168808,0.08622870677938012,0.005587325518168808,0.0012219093083157626,0.01049463458028315
236,27.839006164071005,0.5495265232428963,0.22591724511782574,0.652468907112846,0.09770823059932003,0.094024453136459,0.26772318155712616,21.029064965970587,0.5595392199047716,0.23139284139910302,0.641427135957784,0.005895240527188651,0.08438671812598837,0.005895240527188651,0.00158195329252039,0.011020585022171868
237,27.909785589366304,0.5501061981835583,0.22786189809110838,0.6535441557590823,0.09759165504866919,0.09427727041157415,0.26608810231144714,20.882503715944498,0.5604566583385715,0.22759788159232636,0.6379622361618719,0.005997569592865966,0.0848689841040135,0.005997569592865966,0.0015866904516225893,0.011203410225893407
238,27.884696168170464,0.5491658398461253,0.22722101693860405,0.6533917708623277,0.09766790375536084,0.09367136909074061,0.2663394876752329,20.845715996506925,0.559139254289272,0.22723700331919122,0.6373243475115145,0.006172523491986479,0.08881395879447723,0.006172523491986479,0.0016512387815047105,0.011542826597618993
239,27.68596405724268,0.5499292800223636,0.22442947026760157,0.6492131802950482,0.09786980242827854,0.09382187747930518,0.2655973662650982,20.871048002532035,0.5597823014507046,0.22748396710141913,0.637952621235992,0.0055644069709130314,0.08944876307990636,0.0055644069709130314,0.0016161169827994227,0.010477059560377994
240,27.95985038683241,0.5474934620201661,0.23027016069974324,0.6513088153705056,0.09714856597051741,0.09514595296707018,0.26623909032080234,20.805814647055293,0.5602091317310994,0.22689304645959432,0.6351018705409327,0.005425718633101114,0.08795820729915178,0.005425718633101114,0.001680058461919533,0.01022095568403063
241,27.897742413710137,0.5477951738969612,0.2291304140447027,0.6529390447383744,0.09775667398956715,0.09376054623482333,0.2660892965724524,20.781165661749903,0.5596106869059724,0.22561781018069296,0.6378237118710687,0.005619613342323168,0.09066503690517914,0.005619613342323168,0.0015558647904394694,0.010583253919807087
242,27.980308277539347,0.5544758381002781,0.22702591281508253,0.6556035346740859,0.09785594980653867,0.09527628225275532,0.26643140564423456,20.80605502046032,0.5610088160285702,0.22709061721444646,0.634037679149991,0.007118154515620293,0.09264271187569953,0.007118154515620293,0.001645558034870469,0.013220517458029973
243,27.92341383288439,0.5485075763283176,0.22751903224336822,0.6552887956913832,0.09721510534309098,0.09323919269930384,0.2659635219525468,20.833887566735733,0.5623879899710288,0.22726437852625206,0.6350313445706388,0.006132715265455013,0.09194563462711523,0.006132715265455013,0.0017264106125162684,0.011498488661102027
244,27.707070598766926,0.5504698642379111,0.22489349341936382,0.6456115281831762,0.09662066529586488,0.09495346876993574,0.26567313490313754,20.84947436093252,0.5621898652929248,0.22771095394185095,0.6359349447927434,0.005866536655817879,0.09401026222952771,0.005866536655817879,0.0014973522236367983,0.01104389919476075
245,27.72086306858886,0.5493665280236268,0.22675921267263693,0.6437912013946714,0.09648467321752693,0.09313360311759293,0.2648004429407978,20.822202655660124,0.5623585657897966,0.22784322334122864,0.6342581815017766,0.004397035069549132,0.09365372501564834,0.004397035069549132,0.0011132043492472008,0.008399704661746617
246,27.87694318961862,0.5492493024442698,0.22808816317473474,0.6498808668588739,0.0979512168092219,0.09374969001542478,0.26563738262609254,20.814839678925352,0.5659605416900668,0.22624566541476684,0.6368366034774037,0.004821972475547431,0.09104022131483487,0.004821972475547431,0.0012695830551168043,0.009158844044562714
247,27.724969494651486,0.5508280694852187,0.22595440647329415,0.6452501945739609,0.09703731239439159,0.09416549639379015,0.26572256764045626,20.721144208660373,0.5660945783445845,0.22375799417173192,0.6356274796512736,0.006017090239205502,0.09215619534564297,0.006017090239205502,0.0019481677723670679,0.011296599481074384
248,27.71194694721302,0.5480423536238923,0.22546136479379217,0.6522801741865796,0.09709063543261715,0.09291946804024619,0.26783234042686244,20.764233866811313,0.5655502613746759,0.22372634318612872,0.6401175710804019,0.006248350589897553,0.09084404395548022,0.006248350589897553,0.001928651129701928,0.011692479895994617
249,27.815778129050823,0.5479460026421177,0.2269002927878341,0.6520171185126287,0.09733254643347752,0.09301324452373455,0.26525643447691943,20.793037346431188,0.5644530357220472,0.22593889872491102,0.6371255695045769,0.005788157320527908,0.08989489323432341,0.005788157320527908,0.0015035642114277915,0.01087602833176898
250,27.774664952928422,0.5479443537395186,0.2274820817090139,0.6522627866812023,0.09705597570604667,0.09179077155052072,0.2648515279431231,20.851416921202755,0.5650685521173271,0.22670743548315325,0.639569557590402,0.004615951967159238,0.0883273459512751,0.004615951967159238,0.0011612135515149781,0.008773409066150137
251,27.698028844323023,0.5489773746630413,0.22600232873631024,0.6456776285583082,0.097197899032205,0.09370833663924444,0.2654402226246388,20.826543557179438,0.5645301950958385,0.22601607254831305,0.6392390036479735,0.006084380649977417,0.08741622206142781,0.006084380649977417,0.0015415072304825164,0.011376901422685734
252,27.899351256402294,0.5484783424549127,0.23055424621620396,0.6482651913136648,0.09641986865545686,0.09410464060383719,0.26445864444155287,20.85662674387812,0.5647960223934867,0.22564139386469667,0.6424851056301233,0.007732718614922871,0.08571367057291836,0.007732718614922871,0.0018430052094291754,0.014185667349013243
253,27.84367168346551,0.5486472318116599,0.22813834092877208,0.6510984861233379,0.09658121317854719,0.09292054081705436,0.26514166641323544,20.83691604932149,0.5638055850417067,0.2250736000508199,0.642797878939352,0.004614382173829147,0.08437191298166058,0.004614382173829147,0.0011519526163804908,0.008750206996575248
254,27.761253130274255,0.5488119303224707,0.22439957864848958,0.6552919292347058,0.0963886383525871,0.09229689614867972,0.2654521937508471,20.85433749615888,0.5624099696353401,0.22604204582058507,0.6423558767610814,0.005224620871586656,0.08661254710945472,0.005224620871586656,0.0012259335591190182,0.00985478388146193
255,27.665975882298554,0.550347526255724,0.22568815438083745,0.6447864005803768,0.09594277123910284,0.09289462318122571,0.2654922891192313,20.834116824261553,0.561999097530976,0.2248092085542359,0.6439366004554741,0.006477128177538828,0.08623840247301501,0.006477128177538828,0.0019133893509189486,0.012049269043159219
256,27.6961874297456,0.5525212813393844,0.22552275977817476,0.646774315253433,0.09675013552087965,0.09365777872415529,0.2647185869303643,20.804032403153258,0.5622695181276891,0.22403708709911865,0.6425932132320487,0.005753990542286177,0.0851208915194385,0.005753990542286177,0.0013967364753296474,0.010779321934550435
257,27.808821288930798,0.5477906006920058,0.2263012858780627,0.6524029112663281,0.09648730793023888,0.09335028602019338,0.2656653064467316,20.783552757073274,0.5618613856437402,0.22402920254639216,0.6408289997350602,0.006255500648771401,0.08556488209137787,0.006255500648771401,0.0015682295788380296,0.011658657031509386
258,27.665247183398755,0.5490780180611828,0.2267153293500699,0.643963429107619,0.09645509567805342,0.09345130718619771,0.2646375142138924,20.76354203079686,0.5609788512770748,0.22352262109001994,0.6408299970162379,0.006552456995738247,0.08489689703314891,0.006552456995738247,0.0018290704408694893,0.012165931029006637
259,27.70647209111036,0.5497355853585221,0.22579140637791112,0.6450398210459073,0.09642010465558301,0.09326471445413649,0.26486116124066705,20.78794495883958,0.5609032035648048,0.22374829795066412,0.6418843747991504,0.006789365784033416,0.08439284640114945,0.006789365784033416,0.0021024848108642715,0.012567668409042162
260,27.57920972633597,0.5474815669982853,0.22433395550555277,0.6454861351873372,0.09377093993944981,0.0935071580796405,0.26453640990868743,20.776444731336653,0.5607980799365353,0.22319581320920548,0.6423786934062,0.007420989865183309,0.08394485742857033,0.007420989865183309,0.0026311690115721617,0.013636472591531843
261,27.66570081252205,0.5485339118431881,0.22497274034855252,0.6451860819512613,0.09678366794520771,0.09354126331328648,0.2660692962743204,20.76515493454871,0.5610986078456367,0.22303815090875606,0.6421822896509459,0.007250999972422306,0.08367704863617137,0.007250999972422306,0.00203104412398947,0.013345547092185465
262,27.838863097636533,0.5501818910479986,0.22750762856476991,0.6525400967765531,0.09673694926790627,0.09294038853905498,0.2661111619961982,20.766317561591343,0.56114242177505,0.22285985662823632,0.6426600102996414,0.005908513229883274,0.08394485742857033,0.005908513229883274,0.001923188111422495,0.01103997094516807
263,27.731067293816224,0.5464772329230491,0.22691851778532368,0.6493200924334779,0.09514747105961442,0.09315028210640247,0.26474535742685035,20.754403906983214,0.5617206146964779,0.2226406785284544,0.6416243441177137,0.005070903174801865,0.08388725884638157,0.005070903174801865,0.0013407705856703339,0.00956369056069854
264,27.625780583603902,0.5465106156766047,0.22328176599744656,0.6493257776950055,0.09610719950789294,0.09286246915794587,0.26532381162984453,20.75444221290159,0.5616489433364951,0.22309263681113978,0.6402278426405671,0.005095030135234469,0.0844513695384411,0.005095030135234469,0.0013130565839692663,0.009610264049212726
265,28.01209599345592,0.5511655344475065,0.22897603779884212,0.6576765829699548,0.09718040390452312,0.09289165845648391,0.2661657827629555,20.765208707743394,0.562180636507092,0.22293417410546051,0.6410732747930469,0.005299604257894321,0.08419513211902639,0.005299604257894321,0.0015703758044086963,0.009971555841959771
266,27.83985684508901,0.5495613730718116,0.2265282466217563,0.653037145274488,0.09714220580903288,0.09354326083427054,0.2662388035056035,20.76945141796426,0.5622540913619004,0.22302274783323336,0.6411629027618474,0.009496562673496503,0.08533510013028843,0.009496562673496503,0.004801186417720713,0.017091129748787626
267,27.806357597746185,0.5466797082109605,0.22730049250231718,0.6536688766776413,0.09669824526788788,0.09373047970047016,0.2643091682110409,20.78064062894681,0.5624103966729466,0.22385441398981845,0.6401057461381474,0.00586939092661098,0.08488574948909963,0.00586939092661098,0.0017014712347812391,0.010979601718816697
268,27.75603829535544,0.549432902315542,0.22516384842988155,0.6506381361169968,0.09714545671967043,0.0934055745727974,0.2655965442575156,20.777611645785246,0.5621876348922779,0.22371066339088208,0.6402672358921596,0.005935290141364472,0.08553748879337793,0.005935290141364472,0.0019479527737484431,0.011100347444666581
269,27.731107154404043,0.5475488513818357,0.22555707586623738,0.6518329137203579,0.0956008783972256,0.09303257484149771,0.2648377674832738,20.768910505038836,0.562823033694065,0.22381605369188054,0.6388405325350823,0.006173635084248098,0.08494827102703101,0.006173635084248098,0.001722760382356542,0.011510725548656604
270,27.551505955756078,0.547966056628527,0.22417993021327381,0.6445119324727064,0.09547080488762968,0.09273362441996684,0.2644091792560829,20.77688806913632,0.5635835392908617,0.22337548733080104,0.6403087205959089,0.005541341628190873,0.08449049617901226,0.005541341628190873,0.0016413151378959557,0.010400558626068694
271,27.64776039299924,0.551144247174116,0.2237318677761111,0.6464800943428727,0.09603453217862053,0.09356529583968452,0.26432083515879845,20.784638016770927,0.5630915617787993,0.22390168952025893,0.639993035045021,0.005087719190104861,0.0846844606352718,0.005087719190104861,0.0014406410531630873,0.009598758909850139
272,27.704628168287172,0.551579907113909,0.22611468421288394,0.6458694148078359,0.09541983045545739,0.09297221559576424,0.2638210212001083,20.786225785424698,0.5633706493037087,0.22450727466251943,0.6389543621829061,0.006333398602729512,0.08419665575722302,0.006333398602729512,0.001922338228351736,0.011780639826130177
273,27.74703268646165,0.5485591084757215,0.22593397750954447,0.6529222662146082,0.09468998424892582,0.09311506116553755,0.2655797958300528,20.788720169108668,0.5637222501364622,0.22422774860159658,0.6394960066198787,0.005764706060184442,0.08392638548695273,0.005764706060184442,0.0018680345398083406,0.010788383432076854
274,27.707599939753184,0.5505786315800965,0.22693973906457646,0.6448682385661011,0.09580214997539906,0.09330776745152605,0.2648625857439053,20.794786949694416,0.5637364716498883,0.22462320569660757,0.6397438898231044,0.0045888106247102154,0.08381851272014355,0.0045888106247102154,0.0012353547836838927,0.008701253859191564
275,27.81125959897306,0.5512179954645813,0.22627052560026048,0.649851788133934,0.09682336700884982,0.09383672816993534,0.265195747008306,20.785178259853677,0.5634404317641155,0.22441130392737202,0.639786892252051,0.006689402121164858,0.08483614770819038,0.006689402121164858,0.002600001110848678,0.012400976721553802
276,27.59625165353721,0.5494887685511174,0.2253057256791139,0.6438261636161922,0.09573222768668696,0.0924612383568331,0.2641119776723123,20.792281561599665,0.5631324918497176,0.22471307861534032,0.6401351974124,0.0064917995993315864,0.08490599364369006,0.0064917995993315864,0.00218156664786006,0.012061400520937437
277,27.692691578965004,0.5476971916881942,0.22607427547914327,0.6456913517376939,0.09589732473925142,0.09333455171573875,0.2650464164269985,20.789360268291457,0.5628342611707134,0.22455266290606357,0.6406988575086965,0.004500318592827463,0.08484593358362998,0.004500318592827463,0.0013270212964973966,0.008547280342058402
278,27.478666252037453,0.5509172365271501,0.22201074313478023,0.6404344353149616,0.09499560213164322,0.09309887287405615,0.26461611452952266,20.7925369502146,0.5626589966800822,0.22502575643779912,0.6401183664540708,0.004797371090040963,0.08439794461105085,0.004797371090040963,0.0015238399859852085,0.009078688860585025
279,27.591066245233087,0.5506176909227406,0.22234348626175732,0.6453485361009873,0.09575478258082223,0.0933378341615788,0.2647826987997377,20.800247270823558,0.5629947882194024,0.22461291839614575,0.6412707587857267,0.005260481363843661,0.0845919090673104,0.005260481363843661,0.0016290291014977633,0.0099050043976627
280,27.614351847609814,0.550936749257818,0.2252431815460269,0.6408302802707352,0.09644884140484504,0.09428262552212001,0.2646584628946831,20.802130570143333,0.5629814138144126,0.2250750760559912,0.6403003413697858,0.005260174526649962,0.08383629539686266,0.005260174526649962,0.0017032441399591409,0.009899237216331047
281,27.648346977081015,0.5504715013445232,0.22428361775695763,0.6461932258967553,0.09573093433801255,0.09310819963211453,0.2651948599574304,20.788619537890217,0.5628526648143669,0.2252497123433398,0.6389351322021319,0.012972954705805192,0.08465596752801019,0.012972954705805192,0.006399582575055553,0.02249821071847493
282,27.567080295482782,0.5504587157807427,0.22223611208168118,0.6428332874498591,0.09616759627524639,0.0930943719022959,0.26536078620633125,20.791919494604137,0.5628336508036692,0.22514524257608823,0.6390048644759438,0.0071059815592884,0.08500008213441988,0.0071059815592884,0.0026761260171862472,0.01311551035757586
283,27.659717498666406,0.5485262315899464,0.22592295520237282,0.648491121543762,0.09437855693905553,0.09274943618037257,0.26529602127657276,20.794505253498688,0.563394259193759,0.22521229096369827,0.6386290907343745,0.005201734140045428,0.08686078415097447,0.005201734140045428,0.001723983856281881,0.009815649511584413
284,27.728187966728918,0.551129220225808,0.22521667613770752,0.6522024681403517,0.0954416828981053,0.09225748443996715,0.2644823796394868,20.78488574296365,0.5633092797421789,0.22474876197772625,0.6389726991261239,0.005379528347943522,0.08568542604043296,0.005379528347943522,0.001555307972349876,0.010123481233499897
285,27.767949053744353,0.5495593868995271,0.227211917850445,0.646269030584213,0.095811370385836,0.09401587909144957,0.26506071498229383,20.786340862125545,0.563003393220695,0.22487625511951778,0.6389949264980498,0.004999925798864829,0.0841041041892616,0.004999925798864829,0.001488569390037269,0.009438726405132065
286,27.787794762269197,0.5503115284678086,0.22657924516611122,0.6483864600135131,0.09450589080884336,0.09328325354045144,0.26502445571666583,20.776740895721304,0.5627387751748552,0.224781503747681,0.6387039773908012,0.010992072672872945,0.08468599755804024,0.010992072672872945,0.006247087556814775,0.019458474387832218
287,27.566387565744495,0.551331443755753,0.22373520319709503,0.6425252146329892,0.09690055147079812,0.09289533489885592,0.2645464973701061,20.784943304020604,0.5632252838962521,0.22482614327238234,0.6387531329026986,0.006118286062545025,0.0849660537037501,0.006118286062545025,0.0018372127170712684,0.011414621294921434
288,27.81750778616871,0.5495743480695896,0.2272558594593358,0.651597820194817,0.09517023233069812,0.09339352120196334,0.26479584777913756,20.781538344048833,0.5633828947038362,0.22465702633321027,0.6389354477713118,0.006214371276094509,0.08534998421562945,0.006214371276094509,0.002191594929227032,0.011585217576782195
289,27.555388628187075,0.5477705991812023,0.22374289326195212,0.6413178504174794,0.09570675267712771,0.09291696626895123,0.2651796125601311,20.781457117625646,0.5635139259683105,0.22480494580614618,0.6386773338565579,0.005107952763418183,0.0854538585817989,0.005107952763418183,0.0013583412954515637,0.009639698380672876
290,27.799707352747607,0.5491935677284377,0.22702716418648766,0.6490125905644291,0.09625899906553852,0.09372548116015043,0.2651299383541806,20.780947552098855,0.5638869040972226,0.22467515254756074,0.6383860078982977,0.00487607953612917,0.0881634115250456,0.00487607953612917,0.0012495521135050345,0.009241061013327107
291,27.706600740717313,0.5500734715955619,0.22541786786329585,0.646722854874137,0.09581033887086682,0.09353480375866818,0.2651776732961876,20.773721066388216,0.5630051316895011,0.22497704521918194,0.6378619789561152,0.004585529540152092,0.0857795145311628,0.004585529540152092,0.001182059366397708,0.008705678215840408
292,27.677813240543983,0.5490043871058783,0.2260635972353739,0.6455889429102403,0.09531528181390683,0.09274929060121831,0.26436213897277044,20.763360302169602,0.5636725412818776,0.22444918553357002,0.6377300452360343,0.0044730247017024894,0.08571945447110274,0.0044730247017024894,0.0011876339549818382,0.008502377155662311
293,27.636314295664082,0.5503283691685532,0.22434815765345875,0.6472193914409337,0.09581586162636628,0.09306896265375665,0.2647331488375011,20.76895187943529,0.5639020060047959,0.22456739676785675,0.6376295777368339,0.005009927631739173,0.08555552004487323,0.005009927631739173,0.001370235541524125,0.00946557379037421
294,27.710485116180156,0.549459581236951,0.2247347662870746,0.6494360362557389,0.09592849624822083,0.09342840728355725,0.26455982813999773,20.772333724158152,0.5636368222308882,0.22456547750152034,0.6382208345256326,0.004914925277997416,0.085803333257458,0.004914925277997416,0.001279396549560665,0.009297289837165395
295,27.71206628115051,0.5497001236816811,0.2252370994652905,0.6481787442205572,0.09651667910654434,0.09254029341979106,0.26490573783470583,20.78068003303561,0.5637299635193564,0.22489117111736562,0.6378121275406379,0.005410512090752703,0.08535534428487884,0.005410512090752703,0.0013523334160783643,0.010175987771271282
296,27.81989896870718,0.5500740391993493,0.22744148329322936,0.6506060691855838,0.09549171175307028,0.09360304986081935,0.26477521702040874,20.788160514005853,0.5637498295410371,0.224903930623681,0.6385553361791553,0.004639474186114766,0.08785936139888176,0.004639474186114766,0.0011876796357453794,0.008813543146585437
297,27.845229623938017,0.5502159097559208,0.22629025822870535,0.6525060994373738,0.09542874730985644,0.09396337308609713,0.26588561309618663,20.796582226113323,0.5641942269358284,0.22518065983018318,0.6381730617898883,0.006170540148313532,0.08623107807544671,0.006170540148313532,0.0018993553191774364,0.011516948285654144
298,27.76759456823845,0.5509048554077102,0.22730070802712704,0.6450423053505976,0.09658136030224998,0.09404290941430189,0.26524855563952215,20.797004351884254,0.56347809531988,0.22518655794846032,0.6388658998590527,0.006942194020076175,0.08682275731966493,0.006942194020076175,0.0024070870329711246,0.012856412082744571
299,27.72431704618781,0.5504375236469485,0.22646483211202775,0.644805977729628,0.09569500603525911,0.09404557117441285,0.2653843402936044,20.797087315357093,0.5633079160601546,0.2250534604380141,0.6393173518893006,0.006603214444183783,0.08640879677775556,0.006603214444183783,0.0023808042346155542,0.012268863074596771
